-- phpMyAdmin SQL Dump
-- version 5.2.1
-- https://www.phpmyadmin.net/
--
-- Servidor: 127.0.0.1
-- Tiempo de generación: 23-06-2026 a las 03:47:00
-- Versión del servidor: 11.7.2-MariaDB
-- Versión de PHP: 8.2.12

SET SQL_MODE = "NO_AUTO_VALUE_ON_ZERO";
START TRANSACTION;
SET time_zone = "+00:00";


/*!40101 SET @OLD_CHARACTER_SET_CLIENT=@@CHARACTER_SET_CLIENT */;
/*!40101 SET @OLD_CHARACTER_SET_RESULTS=@@CHARACTER_SET_RESULTS */;
/*!40101 SET @OLD_COLLATION_CONNECTION=@@COLLATION_CONNECTION */;
/*!40101 SET NAMES utf8mb4 */;

--
-- Base de datos: `asem_db`
--

-- --------------------------------------------------------

--
-- Estructura de tabla para la tabla `actividad_notas`
--

CREATE TABLE `actividad_notas` (
  `id` bigint(20) UNSIGNED NOT NULL,
  `actividad_id` bigint(20) UNSIGNED NOT NULL,
  `aprendiz_id` bigint(20) UNSIGNED NOT NULL,
  `nota` decimal(3,1) NOT NULL DEFAULT 0.0,
  `created_at` timestamp NULL DEFAULT NULL,
  `updated_at` timestamp NULL DEFAULT NULL
) ENGINE=InnoDB DEFAULT CHARSET=utf8mb4 COLLATE=utf8mb4_unicode_ci;

--
-- Volcado de datos para la tabla `actividad_notas`
--

INSERT INTO `actividad_notas` (`id`, `actividad_id`, `aprendiz_id`, `nota`, `created_at`, `updated_at`) VALUES
(80, 3, 92, 4.0, '2026-06-04 02:23:43', '2026-06-04 02:23:43'),
(81, 3, 91, 4.0, '2026-06-04 02:23:43', '2026-06-04 02:23:43'),
(82, 3, 98, 4.0, '2026-06-04 02:23:43', '2026-06-04 02:23:43'),
(83, 3, 94, 4.0, '2026-06-04 02:23:43', '2026-06-04 02:23:43'),
(84, 3, 93, 0.0, '2026-06-04 02:23:43', '2026-06-04 02:23:43'),
(85, 3, 102, 4.5, '2026-06-04 02:29:10', '2026-06-04 02:29:10'),
(86, 3, 96, 4.0, '2026-06-04 02:38:17', '2026-06-04 02:38:17'),
(87, 3, 90, 4.0, '2026-06-04 02:38:17', '2026-06-04 02:38:17'),
(88, 3, 99, 3.5, '2026-06-04 02:40:12', '2026-06-04 02:40:22'),
(89, 3, 88, 2.0, '2026-06-04 02:41:16', '2026-06-04 02:41:16'),
(90, 3, 100, 3.5, '2026-06-04 02:48:29', '2026-06-04 02:48:29'),
(91, 3, 106, 3.5, '2026-06-04 02:48:44', '2026-06-04 02:48:44'),
(92, 3, 105, 1.0, '2026-06-04 02:48:54', '2026-06-04 02:48:54'),
(93, 3, 89, 1.0, '2026-06-04 02:49:16', '2026-06-04 02:49:16'),
(94, 3, 87, 3.5, '2026-06-04 02:49:53', '2026-06-04 02:49:53'),
(95, 3, 95, 3.5, '2026-06-04 02:50:18', '2026-06-04 02:50:18'),
(96, 3, 103, 3.5, '2026-06-04 03:06:49', '2026-06-04 03:06:49'),
(97, 3, 101, 3.6, '2026-06-04 03:06:50', '2026-06-04 03:06:50'),
(98, 3, 109, 3.5, '2026-06-05 02:48:44', '2026-06-05 02:48:44'),
(99, 3, 110, 3.5, '2026-06-05 02:49:09', '2026-06-05 02:49:09'),
(100, 3, 120, 3.5, '2026-06-05 02:49:23', '2026-06-05 02:49:23'),
(101, 3, 112, 3.5, '2026-06-05 02:49:37', '2026-06-05 02:49:37'),
(102, 3, 119, 4.5, '2026-06-05 02:52:45', '2026-06-05 02:52:45'),
(103, 3, 129, 4.5, '2026-06-05 02:52:55', '2026-06-05 02:52:55'),
(104, 3, 122, 4.5, '2026-06-05 02:53:07', '2026-06-05 02:53:07'),
(105, 3, 108, 4.5, '2026-06-05 02:55:37', '2026-06-05 02:55:37'),
(106, 3, 107, 4.5, '2026-06-05 02:55:55', '2026-06-05 02:55:55'),
(107, 3, 125, 4.5, '2026-06-05 02:56:07', '2026-06-05 02:56:07'),
(108, 3, 131, 4.5, '2026-06-05 02:56:17', '2026-06-05 02:56:17'),
(109, 3, 114, 3.5, '2026-06-05 03:09:38', '2026-06-05 03:09:38'),
(110, 3, 124, 3.5, '2026-06-05 03:10:17', '2026-06-05 03:10:17'),
(111, 3, 116, 3.5, '2026-06-05 03:10:42', '2026-06-05 03:10:42'),
(112, 3, 123, 3.5, '2026-06-05 03:15:10', '2026-06-05 03:15:10'),
(113, 3, 118, 3.5, '2026-06-05 03:15:22', '2026-06-05 03:15:22'),
(114, 3, 115, 3.5, '2026-06-05 03:15:38', '2026-06-05 03:15:38'),
(115, 3, 126, 4.0, '2026-06-05 03:23:08', '2026-06-05 03:23:08'),
(116, 3, 113, 4.0, '2026-06-05 03:23:17', '2026-06-05 03:23:17'),
(117, 3, 111, 4.0, '2026-06-05 03:23:24', '2026-06-05 03:23:24'),
(118, 3, 128, 3.5, '2026-06-12 02:38:46', '2026-06-12 02:38:46'),
(119, 3, 121, 3.5, '2026-06-12 02:38:53', '2026-06-12 02:38:53'),
(120, 3, 130, 3.5, '2026-06-12 02:39:00', '2026-06-12 02:39:00'),
(121, 4, 112, 5.0, '2026-06-12 03:04:21', '2026-06-12 03:04:21'),
(122, 4, 120, 5.0, '2026-06-12 03:04:32', '2026-06-12 03:04:32'),
(123, 4, 110, 5.0, '2026-06-12 03:04:46', '2026-06-12 03:04:46'),
(124, 4, 109, 5.0, '2026-06-12 03:04:57', '2026-06-12 03:04:57');

-- --------------------------------------------------------

--
-- Estructura de tabla para la tabla `aprendiz_ficha`
--

CREATE TABLE `aprendiz_ficha` (
  `id` bigint(20) UNSIGNED NOT NULL,
  `aprendiz_id` bigint(20) UNSIGNED NOT NULL,
  `ficha_id` bigint(20) UNSIGNED NOT NULL,
  `enrolled_by` bigint(20) UNSIGNED NOT NULL,
  `created_at` timestamp NULL DEFAULT NULL,
  `updated_at` timestamp NULL DEFAULT NULL
) ENGINE=InnoDB DEFAULT CHARSET=utf8mb4 COLLATE=utf8mb4_unicode_ci;

--
-- Volcado de datos para la tabla `aprendiz_ficha`
--

INSERT INTO `aprendiz_ficha` (`id`, `aprendiz_id`, `ficha_id`, `enrolled_by`, `created_at`, `updated_at`) VALUES
(37, 7, 4, 1, '2026-06-02 20:23:27', '2026-06-02 20:23:27'),
(38, 8, 4, 1, '2026-06-02 20:23:27', '2026-06-02 20:23:27'),
(39, 9, 4, 1, '2026-06-02 20:23:27', '2026-06-02 20:23:27'),
(40, 10, 4, 1, '2026-06-02 20:23:27', '2026-06-02 20:23:27'),
(41, 11, 4, 1, '2026-06-02 20:23:27', '2026-06-02 20:23:27'),
(42, 12, 4, 1, '2026-06-02 20:23:27', '2026-06-02 20:23:27'),
(43, 13, 4, 1, '2026-06-02 20:23:27', '2026-06-02 20:23:27'),
(44, 14, 4, 1, '2026-06-02 20:23:27', '2026-06-02 20:23:27'),
(45, 15, 4, 1, '2026-06-02 20:23:27', '2026-06-02 20:23:27'),
(46, 16, 4, 1, '2026-06-02 20:23:27', '2026-06-02 20:23:27'),
(47, 17, 4, 1, '2026-06-02 20:23:27', '2026-06-02 20:23:27'),
(48, 18, 4, 1, '2026-06-02 20:23:27', '2026-06-02 20:23:27'),
(49, 19, 4, 1, '2026-06-02 20:23:27', '2026-06-02 20:23:27'),
(50, 20, 4, 1, '2026-06-02 20:23:27', '2026-06-02 20:23:27'),
(51, 21, 4, 1, '2026-06-02 20:23:27', '2026-06-02 20:23:27'),
(52, 22, 4, 1, '2026-06-02 20:23:27', '2026-06-02 20:23:27'),
(53, 23, 4, 1, '2026-06-02 20:23:27', '2026-06-02 20:23:27'),
(54, 24, 4, 1, '2026-06-02 20:23:27', '2026-06-02 20:23:27'),
(55, 25, 4, 1, '2026-06-02 20:23:27', '2026-06-02 20:23:27'),
(56, 26, 4, 1, '2026-06-02 20:23:27', '2026-06-02 20:23:27'),
(57, 27, 4, 1, '2026-06-02 20:23:27', '2026-06-02 20:23:27'),
(58, 28, 4, 1, '2026-06-02 20:23:27', '2026-06-02 20:23:27'),
(59, 29, 4, 1, '2026-06-02 20:23:27', '2026-06-02 20:23:27'),
(60, 30, 4, 1, '2026-06-02 20:23:27', '2026-06-02 20:23:27'),
(61, 31, 4, 1, '2026-06-02 20:23:27', '2026-06-02 20:23:27'),
(62, 32, 4, 1, '2026-06-02 20:23:27', '2026-06-02 20:23:27'),
(63, 33, 4, 1, '2026-06-02 20:23:27', '2026-06-02 20:23:27'),
(64, 34, 4, 1, '2026-06-02 20:23:27', '2026-06-02 20:23:27'),
(65, 35, 4, 1, '2026-06-02 20:23:27', '2026-06-02 20:23:27'),
(66, 36, 4, 1, '2026-06-02 20:23:27', '2026-06-02 20:23:27'),
(67, 37, 4, 1, '2026-06-02 20:23:27', '2026-06-02 20:23:27'),
(68, 38, 4, 1, '2026-06-02 20:23:27', '2026-06-02 20:23:27'),
(69, 40, 5, 1, '2026-06-03 01:52:12', '2026-06-03 01:52:12'),
(71, 42, 5, 1, '2026-06-03 01:52:12', '2026-06-03 01:52:12'),
(72, 43, 5, 1, '2026-06-03 01:52:13', '2026-06-03 01:52:13'),
(73, 44, 5, 1, '2026-06-03 01:52:13', '2026-06-03 01:52:13'),
(74, 45, 5, 1, '2026-06-03 01:52:13', '2026-06-03 01:52:13'),
(75, 46, 5, 1, '2026-06-03 01:52:13', '2026-06-03 01:52:13'),
(76, 47, 5, 1, '2026-06-03 01:52:14', '2026-06-03 01:52:14'),
(77, 48, 5, 1, '2026-06-03 01:52:14', '2026-06-03 01:52:14'),
(78, 49, 5, 1, '2026-06-03 01:52:14', '2026-06-03 01:52:14'),
(79, 50, 5, 1, '2026-06-03 01:52:15', '2026-06-03 01:52:15'),
(80, 51, 5, 1, '2026-06-03 01:52:15', '2026-06-03 01:52:15'),
(81, 52, 5, 1, '2026-06-03 01:52:15', '2026-06-03 01:52:15'),
(82, 53, 5, 1, '2026-06-03 01:52:15', '2026-06-03 01:52:15'),
(84, 55, 5, 1, '2026-06-03 01:52:16', '2026-06-03 01:52:16'),
(85, 56, 5, 1, '2026-06-03 01:52:16', '2026-06-03 01:52:16'),
(87, 58, 5, 1, '2026-06-03 01:52:17', '2026-06-03 01:52:17'),
(88, 59, 5, 1, '2026-06-03 01:52:17', '2026-06-03 01:52:17'),
(89, 60, 5, 1, '2026-06-03 01:52:17', '2026-06-03 01:52:17'),
(90, 61, 5, 1, '2026-06-03 01:52:17', '2026-06-03 01:52:17'),
(91, 62, 5, 1, '2026-06-03 01:52:18', '2026-06-03 01:52:18'),
(92, 63, 6, 39, '2026-06-03 20:22:56', '2026-06-03 20:22:56'),
(93, 64, 6, 39, '2026-06-03 20:22:57', '2026-06-03 20:22:57'),
(94, 65, 6, 39, '2026-06-03 20:22:57', '2026-06-03 20:22:57'),
(95, 66, 6, 39, '2026-06-03 20:22:57', '2026-06-03 20:22:57'),
(96, 67, 6, 39, '2026-06-03 20:22:57', '2026-06-03 20:22:57'),
(97, 68, 6, 39, '2026-06-03 20:22:57', '2026-06-03 20:22:57'),
(98, 69, 6, 39, '2026-06-03 20:22:58', '2026-06-03 20:22:58'),
(99, 70, 6, 39, '2026-06-03 20:22:58', '2026-06-03 20:22:58'),
(100, 71, 6, 39, '2026-06-03 20:22:58', '2026-06-03 20:22:58'),
(101, 72, 6, 39, '2026-06-03 20:22:58', '2026-06-03 20:22:58'),
(102, 73, 6, 39, '2026-06-03 20:22:59', '2026-06-03 20:22:59'),
(103, 74, 6, 39, '2026-06-03 20:22:59', '2026-06-03 20:22:59'),
(104, 75, 6, 39, '2026-06-03 20:22:59', '2026-06-03 20:22:59'),
(105, 76, 6, 39, '2026-06-03 20:22:59', '2026-06-03 20:22:59'),
(106, 77, 6, 39, '2026-06-03 20:22:59', '2026-06-03 20:22:59'),
(107, 78, 6, 39, '2026-06-03 20:23:00', '2026-06-03 20:23:00'),
(108, 79, 6, 39, '2026-06-03 20:23:00', '2026-06-03 20:23:00'),
(109, 80, 6, 39, '2026-06-03 20:23:00', '2026-06-03 20:23:00'),
(110, 81, 6, 39, '2026-06-03 20:23:00', '2026-06-03 20:23:00'),
(111, 82, 6, 39, '2026-06-03 20:23:01', '2026-06-03 20:23:01'),
(112, 83, 6, 39, '2026-06-03 20:23:01', '2026-06-03 20:23:01'),
(113, 84, 6, 39, '2026-06-03 20:23:01', '2026-06-03 20:23:01'),
(114, 85, 6, 39, '2026-06-03 20:23:01', '2026-06-03 20:23:01'),
(115, 86, 6, 39, '2026-06-03 20:23:02', '2026-06-03 20:23:02'),
(116, 87, 7, 39, '2026-06-03 23:25:25', '2026-06-03 23:25:25'),
(117, 88, 7, 39, '2026-06-03 23:25:25', '2026-06-03 23:25:25'),
(118, 89, 7, 39, '2026-06-03 23:25:25', '2026-06-03 23:25:25'),
(119, 90, 7, 39, '2026-06-03 23:25:25', '2026-06-03 23:25:25'),
(120, 91, 7, 39, '2026-06-03 23:25:26', '2026-06-03 23:25:26'),
(121, 92, 7, 39, '2026-06-03 23:25:26', '2026-06-03 23:25:26'),
(122, 93, 7, 39, '2026-06-03 23:25:26', '2026-06-03 23:25:26'),
(123, 94, 7, 39, '2026-06-03 23:25:26', '2026-06-03 23:25:26'),
(124, 95, 7, 39, '2026-06-03 23:25:27', '2026-06-03 23:25:27'),
(125, 96, 7, 39, '2026-06-03 23:25:27', '2026-06-03 23:25:27'),
(126, 97, 7, 39, '2026-06-03 23:25:27', '2026-06-03 23:25:27'),
(127, 98, 7, 39, '2026-06-03 23:25:27', '2026-06-03 23:25:27'),
(128, 99, 7, 39, '2026-06-03 23:25:28', '2026-06-03 23:25:28'),
(129, 100, 7, 39, '2026-06-03 23:25:28', '2026-06-03 23:25:28'),
(130, 101, 7, 39, '2026-06-03 23:25:28', '2026-06-03 23:25:28'),
(131, 102, 7, 39, '2026-06-03 23:25:28', '2026-06-03 23:25:28'),
(132, 103, 7, 39, '2026-06-03 23:25:29', '2026-06-03 23:25:29'),
(133, 104, 7, 39, '2026-06-03 23:25:29', '2026-06-03 23:25:29'),
(134, 105, 7, 39, '2026-06-03 23:25:29', '2026-06-03 23:25:29'),
(135, 106, 7, 39, '2026-06-03 23:25:29', '2026-06-03 23:25:29'),
(136, 107, 8, 39, '2026-06-05 00:12:37', '2026-06-05 00:12:37'),
(137, 108, 8, 39, '2026-06-05 00:12:38', '2026-06-05 00:12:38'),
(138, 109, 8, 39, '2026-06-05 00:12:38', '2026-06-05 00:12:38'),
(139, 110, 8, 39, '2026-06-05 00:12:38', '2026-06-05 00:12:38'),
(140, 111, 8, 39, '2026-06-05 00:12:38', '2026-06-05 00:12:38'),
(141, 112, 8, 39, '2026-06-05 00:12:39', '2026-06-05 00:12:39'),
(142, 113, 8, 39, '2026-06-05 00:12:39', '2026-06-05 00:12:39'),
(143, 114, 8, 39, '2026-06-05 00:12:39', '2026-06-05 00:12:39'),
(144, 115, 8, 39, '2026-06-05 00:12:40', '2026-06-05 00:12:40'),
(145, 116, 8, 39, '2026-06-05 00:12:40', '2026-06-05 00:12:40'),
(146, 117, 8, 39, '2026-06-05 00:12:40', '2026-06-05 00:12:40'),
(147, 118, 8, 39, '2026-06-05 00:12:40', '2026-06-05 00:12:40'),
(148, 119, 8, 39, '2026-06-05 00:12:41', '2026-06-05 00:12:41'),
(149, 120, 8, 39, '2026-06-05 00:12:41', '2026-06-05 00:12:41'),
(150, 121, 8, 39, '2026-06-05 00:12:41', '2026-06-05 00:12:41'),
(151, 122, 8, 39, '2026-06-05 00:12:42', '2026-06-05 00:12:42'),
(152, 123, 8, 39, '2026-06-05 00:12:42', '2026-06-05 00:12:42'),
(153, 124, 8, 39, '2026-06-05 00:12:42', '2026-06-05 00:12:42'),
(154, 125, 8, 39, '2026-06-05 00:12:43', '2026-06-05 00:12:43'),
(155, 126, 8, 39, '2026-06-05 00:12:43', '2026-06-05 00:12:43'),
(157, 128, 8, 39, '2026-06-05 00:12:43', '2026-06-05 00:12:43'),
(158, 129, 8, 39, '2026-06-05 00:12:44', '2026-06-05 00:12:44'),
(159, 130, 8, 39, '2026-06-05 00:12:44', '2026-06-05 00:12:44'),
(160, 131, 8, 39, '2026-06-05 00:12:44', '2026-06-05 00:12:44'),
(161, 132, 9, 39, '2026-06-10 19:44:46', '2026-06-10 19:44:46'),
(162, 133, 9, 39, '2026-06-10 19:44:46', '2026-06-10 19:44:46'),
(163, 134, 9, 39, '2026-06-10 19:44:47', '2026-06-10 19:44:47'),
(164, 135, 9, 39, '2026-06-10 19:44:47', '2026-06-10 19:44:47'),
(165, 136, 9, 39, '2026-06-10 19:44:47', '2026-06-10 19:44:47'),
(166, 137, 9, 39, '2026-06-10 19:44:47', '2026-06-10 19:44:47'),
(167, 138, 9, 39, '2026-06-10 19:44:47', '2026-06-10 19:44:47'),
(168, 139, 9, 39, '2026-06-10 19:44:48', '2026-06-10 19:44:48'),
(169, 140, 9, 39, '2026-06-10 19:44:48', '2026-06-10 19:44:48'),
(170, 141, 9, 39, '2026-06-10 19:44:48', '2026-06-10 19:44:48'),
(171, 142, 9, 39, '2026-06-10 19:44:48', '2026-06-10 19:44:48'),
(172, 143, 9, 39, '2026-06-10 19:44:49', '2026-06-10 19:44:49'),
(173, 144, 9, 39, '2026-06-10 19:44:49', '2026-06-10 19:44:49'),
(174, 145, 9, 39, '2026-06-10 19:44:49', '2026-06-10 19:44:49'),
(175, 146, 9, 39, '2026-06-10 19:44:49', '2026-06-10 19:44:49'),
(176, 147, 9, 39, '2026-06-10 19:44:49', '2026-06-10 19:44:49'),
(177, 148, 9, 39, '2026-06-10 19:44:50', '2026-06-10 19:44:50'),
(178, 149, 9, 39, '2026-06-10 19:44:50', '2026-06-10 19:44:50'),
(179, 150, 9, 39, '2026-06-10 19:44:50', '2026-06-10 19:44:50'),
(180, 151, 9, 39, '2026-06-10 19:44:50', '2026-06-10 19:44:50'),
(181, 152, 9, 39, '2026-06-10 19:44:51', '2026-06-10 19:44:51'),
(182, 153, 9, 39, '2026-06-10 19:44:51', '2026-06-10 19:44:51');

-- --------------------------------------------------------

--
-- Estructura de tabla para la tabla `aprendiz_resultado`
--

CREATE TABLE `aprendiz_resultado` (
  `id` bigint(20) UNSIGNED NOT NULL,
  `aprendiz_id` bigint(20) UNSIGNED NOT NULL,
  `resultado_id` bigint(20) UNSIGNED NOT NULL,
  `status` enum('pendiente','aprobado','no_aprobado') NOT NULL DEFAULT 'pendiente',
  `evaluated_at` timestamp NULL DEFAULT NULL,
  `created_at` timestamp NULL DEFAULT NULL,
  `updated_at` timestamp NULL DEFAULT NULL
) ENGINE=InnoDB DEFAULT CHARSET=utf8mb4 COLLATE=utf8mb4_unicode_ci;

--
-- Volcado de datos para la tabla `aprendiz_resultado`
--

INSERT INTO `aprendiz_resultado` (`id`, `aprendiz_id`, `resultado_id`, `status`, `evaluated_at`, `created_at`, `updated_at`) VALUES
(1, 4, 2, 'no_aprobado', '2026-06-02 18:47:30', '2026-06-02 18:47:30', '2026-06-02 18:47:30'),
(3, 40, 3, 'aprobado', '2026-06-03 01:58:55', '2026-06-03 01:58:55', '2026-06-03 01:58:55'),
(4, 41, 3, 'aprobado', '2026-06-03 01:58:55', '2026-06-03 01:58:55', '2026-06-03 01:58:55'),
(5, 42, 3, 'aprobado', '2026-06-03 01:58:55', '2026-06-03 01:58:55', '2026-06-03 01:58:55'),
(6, 43, 3, 'aprobado', '2026-06-03 01:58:55', '2026-06-03 01:58:55', '2026-06-03 01:58:55'),
(7, 44, 3, 'aprobado', '2026-06-03 01:58:55', '2026-06-03 01:58:55', '2026-06-03 01:58:55'),
(8, 45, 3, 'aprobado', '2026-06-03 01:58:55', '2026-06-03 01:58:55', '2026-06-03 01:58:55'),
(9, 46, 3, 'aprobado', '2026-06-03 01:58:55', '2026-06-03 01:58:55', '2026-06-03 01:58:55'),
(10, 47, 3, 'aprobado', '2026-06-03 01:58:55', '2026-06-03 01:58:55', '2026-06-03 01:58:55'),
(11, 48, 3, 'aprobado', '2026-06-03 01:58:55', '2026-06-03 01:58:55', '2026-06-03 01:58:55'),
(12, 49, 3, 'aprobado', '2026-06-03 01:58:55', '2026-06-03 01:58:55', '2026-06-03 01:58:55'),
(13, 50, 3, 'aprobado', '2026-06-03 01:58:55', '2026-06-03 01:58:55', '2026-06-03 01:58:55'),
(14, 51, 3, 'aprobado', '2026-06-03 01:58:55', '2026-06-03 01:58:55', '2026-06-03 01:58:55'),
(15, 52, 3, 'aprobado', '2026-06-03 01:58:55', '2026-06-03 01:58:55', '2026-06-03 01:58:55'),
(16, 53, 3, 'aprobado', '2026-06-03 01:58:55', '2026-06-03 01:58:55', '2026-06-03 01:58:55'),
(17, 54, 3, 'aprobado', '2026-06-03 01:58:55', '2026-06-03 01:58:55', '2026-06-03 01:58:55'),
(18, 55, 3, 'aprobado', '2026-06-03 01:58:55', '2026-06-03 01:58:55', '2026-06-03 01:58:55'),
(19, 56, 3, 'aprobado', '2026-06-03 01:58:55', '2026-06-03 01:58:55', '2026-06-03 01:58:55'),
(20, 57, 3, 'aprobado', '2026-06-03 01:58:55', '2026-06-03 01:58:55', '2026-06-03 01:58:55'),
(21, 58, 3, 'aprobado', '2026-06-03 01:58:55', '2026-06-03 01:58:55', '2026-06-03 01:58:55'),
(22, 59, 3, 'aprobado', '2026-06-03 01:58:55', '2026-06-03 01:58:55', '2026-06-03 01:58:55'),
(23, 60, 3, 'aprobado', '2026-06-03 01:58:55', '2026-06-03 01:58:55', '2026-06-03 01:58:55'),
(24, 61, 3, 'aprobado', '2026-06-03 01:58:55', '2026-06-03 01:58:55', '2026-06-03 01:58:55'),
(25, 62, 3, 'aprobado', '2026-06-03 01:58:55', '2026-06-03 01:58:55', '2026-06-03 01:58:55'),
(26, 92, 15, 'aprobado', '2026-06-04 03:07:04', '2026-06-04 02:23:43', '2026-06-04 03:07:04'),
(27, 91, 15, 'aprobado', '2026-06-04 03:07:04', '2026-06-04 02:23:43', '2026-06-04 03:07:04'),
(28, 98, 15, 'aprobado', '2026-06-04 03:07:04', '2026-06-04 02:23:43', '2026-06-04 03:07:04'),
(29, 94, 15, 'aprobado', '2026-06-04 03:07:04', '2026-06-04 02:23:43', '2026-06-04 03:07:04'),
(30, 93, 15, 'no_aprobado', '2026-06-04 03:07:04', '2026-06-04 02:23:43', '2026-06-04 03:07:04'),
(31, 102, 15, 'aprobado', '2026-06-04 03:07:04', '2026-06-04 02:29:11', '2026-06-04 03:07:04'),
(32, 96, 15, 'aprobado', '2026-06-04 03:07:04', '2026-06-04 02:38:17', '2026-06-04 03:07:04'),
(33, 90, 15, 'aprobado', '2026-06-04 03:07:04', '2026-06-04 02:38:17', '2026-06-04 03:07:04'),
(34, 99, 15, 'aprobado', '2026-06-04 03:07:04', '2026-06-04 02:40:12', '2026-06-04 03:07:04'),
(35, 88, 15, 'no_aprobado', '2026-06-04 03:07:04', '2026-06-04 02:41:16', '2026-06-04 03:07:04'),
(36, 100, 15, 'aprobado', '2026-06-04 03:07:04', '2026-06-04 02:48:29', '2026-06-04 03:07:04'),
(37, 106, 15, 'aprobado', '2026-06-04 03:07:04', '2026-06-04 02:48:44', '2026-06-04 03:07:04'),
(38, 105, 15, 'no_aprobado', '2026-06-04 03:07:04', '2026-06-04 02:48:54', '2026-06-04 03:07:04'),
(39, 89, 15, 'no_aprobado', '2026-06-04 03:07:04', '2026-06-04 02:49:16', '2026-06-04 03:07:04'),
(40, 87, 15, 'aprobado', '2026-06-04 03:07:04', '2026-06-04 02:49:54', '2026-06-04 03:07:04'),
(41, 95, 15, 'aprobado', '2026-06-04 03:07:04', '2026-06-04 02:50:18', '2026-06-04 03:07:04'),
(42, 103, 15, 'aprobado', '2026-06-04 03:07:04', '2026-06-04 03:06:50', '2026-06-04 03:07:04'),
(43, 101, 15, 'aprobado', '2026-06-04 03:07:04', '2026-06-04 03:06:50', '2026-06-04 03:07:04'),
(44, 109, 15, 'aprobado', '2026-06-12 03:04:57', '2026-06-05 02:48:44', '2026-06-12 03:04:57'),
(45, 110, 15, 'aprobado', '2026-06-12 03:04:57', '2026-06-05 02:49:09', '2026-06-12 03:04:57'),
(46, 120, 15, 'aprobado', '2026-06-12 03:04:57', '2026-06-05 02:49:23', '2026-06-12 03:04:57'),
(47, 112, 15, 'aprobado', '2026-06-12 03:04:57', '2026-06-05 02:49:37', '2026-06-12 03:04:57'),
(48, 119, 15, 'aprobado', '2026-06-12 02:39:04', '2026-06-05 02:52:45', '2026-06-12 02:39:04'),
(49, 129, 15, 'aprobado', '2026-06-12 02:39:04', '2026-06-05 02:52:55', '2026-06-12 02:39:04'),
(50, 122, 15, 'aprobado', '2026-06-12 02:39:04', '2026-06-05 02:53:07', '2026-06-12 02:39:04'),
(51, 108, 15, 'aprobado', '2026-06-12 02:39:04', '2026-06-05 02:55:37', '2026-06-12 02:39:04'),
(52, 107, 15, 'aprobado', '2026-06-12 02:39:04', '2026-06-05 02:55:55', '2026-06-12 02:39:04'),
(53, 125, 15, 'aprobado', '2026-06-12 02:39:04', '2026-06-05 02:56:08', '2026-06-12 02:39:04'),
(54, 131, 15, 'aprobado', '2026-06-12 02:39:04', '2026-06-05 02:56:17', '2026-06-12 02:39:04'),
(55, 114, 15, 'aprobado', '2026-06-12 02:39:04', '2026-06-05 03:09:38', '2026-06-12 02:39:04'),
(56, 124, 15, 'aprobado', '2026-06-12 02:39:04', '2026-06-05 03:10:17', '2026-06-12 02:39:04'),
(57, 116, 15, 'aprobado', '2026-06-12 02:39:04', '2026-06-05 03:10:42', '2026-06-12 02:39:04'),
(58, 123, 15, 'aprobado', '2026-06-12 02:39:04', '2026-06-05 03:15:10', '2026-06-12 02:39:04'),
(59, 118, 15, 'aprobado', '2026-06-12 02:39:04', '2026-06-05 03:15:22', '2026-06-12 02:39:04'),
(60, 115, 15, 'aprobado', '2026-06-12 02:39:04', '2026-06-05 03:15:38', '2026-06-12 02:39:04'),
(61, 126, 15, 'aprobado', '2026-06-12 02:39:04', '2026-06-05 03:23:08', '2026-06-12 02:39:04'),
(62, 113, 15, 'aprobado', '2026-06-12 02:39:04', '2026-06-05 03:23:17', '2026-06-12 02:39:04'),
(63, 111, 15, 'aprobado', '2026-06-12 02:39:04', '2026-06-05 03:23:24', '2026-06-12 02:39:04'),
(64, 128, 15, 'aprobado', '2026-06-12 02:39:04', '2026-06-12 02:38:46', '2026-06-12 02:39:04'),
(65, 121, 15, 'aprobado', '2026-06-12 02:39:04', '2026-06-12 02:38:53', '2026-06-12 02:39:04'),
(66, 130, 15, 'aprobado', '2026-06-12 02:39:04', '2026-06-12 02:39:00', '2026-06-12 02:39:04');

-- --------------------------------------------------------

--
-- Estructura de tabla para la tabla `attendance_records`
--

CREATE TABLE `attendance_records` (
  `id` bigint(20) UNSIGNED NOT NULL,
  `session_id` bigint(20) UNSIGNED NOT NULL,
  `aprendiz_id` bigint(20) UNSIGNED NOT NULL,
  `status` enum('presente','ausente','excusa') NOT NULL DEFAULT 'ausente',
  `created_at` timestamp NULL DEFAULT NULL,
  `updated_at` timestamp NULL DEFAULT NULL
) ENGINE=InnoDB DEFAULT CHARSET=utf8mb4 COLLATE=utf8mb4_unicode_ci;

--
-- Volcado de datos para la tabla `attendance_records`
--

INSERT INTO `attendance_records` (`id`, `session_id`, `aprendiz_id`, `status`, `created_at`, `updated_at`) VALUES
(3, 2, 21, 'presente', '2026-06-02 20:28:13', '2026-06-02 20:28:13'),
(4, 2, 23, 'presente', '2026-06-02 20:28:13', '2026-06-02 20:28:13'),
(5, 2, 33, 'presente', '2026-06-02 20:28:13', '2026-06-02 20:28:13'),
(6, 2, 13, 'presente', '2026-06-02 20:28:13', '2026-06-02 20:28:13'),
(7, 2, 15, 'presente', '2026-06-02 20:28:13', '2026-06-02 20:28:13'),
(8, 2, 38, 'presente', '2026-06-02 20:28:13', '2026-06-02 20:28:13'),
(9, 2, 17, 'presente', '2026-06-02 20:28:13', '2026-06-02 20:28:13'),
(10, 2, 37, 'presente', '2026-06-02 20:28:13', '2026-06-02 20:28:13'),
(11, 2, 22, 'presente', '2026-06-02 20:28:13', '2026-06-02 20:28:13'),
(12, 2, 31, 'presente', '2026-06-02 20:28:13', '2026-06-02 20:28:13'),
(13, 2, 27, 'presente', '2026-06-02 20:28:13', '2026-06-02 20:28:13'),
(14, 2, 28, 'presente', '2026-06-02 20:28:13', '2026-06-02 20:28:13'),
(15, 2, 25, 'presente', '2026-06-02 20:28:13', '2026-06-02 20:28:13'),
(16, 2, 29, 'presente', '2026-06-02 20:28:13', '2026-06-02 20:28:13'),
(17, 2, 30, 'presente', '2026-06-02 20:28:13', '2026-06-02 20:28:13'),
(18, 2, 9, 'presente', '2026-06-02 20:28:13', '2026-06-02 20:28:13'),
(19, 2, 10, 'presente', '2026-06-02 20:28:13', '2026-06-02 20:28:13'),
(20, 2, 18, 'presente', '2026-06-02 20:28:13', '2026-06-02 20:28:13'),
(21, 2, 26, 'presente', '2026-06-02 20:28:13', '2026-06-02 20:28:13'),
(22, 2, 34, 'presente', '2026-06-02 20:28:13', '2026-06-02 20:28:13'),
(23, 2, 24, 'presente', '2026-06-02 20:28:13', '2026-06-02 20:28:13'),
(24, 2, 36, 'presente', '2026-06-02 20:28:13', '2026-06-02 20:28:13'),
(25, 2, 32, 'presente', '2026-06-02 20:28:13', '2026-06-02 20:28:13'),
(26, 2, 8, 'presente', '2026-06-02 20:28:13', '2026-06-02 20:28:13'),
(27, 2, 14, 'presente', '2026-06-02 20:28:13', '2026-06-02 20:28:13'),
(28, 2, 7, 'presente', '2026-06-02 20:28:13', '2026-06-02 20:28:13'),
(29, 2, 20, 'presente', '2026-06-02 20:28:13', '2026-06-02 20:28:13'),
(30, 2, 12, 'presente', '2026-06-02 20:28:13', '2026-06-02 20:28:13'),
(31, 2, 16, 'presente', '2026-06-02 20:28:13', '2026-06-02 20:28:13'),
(32, 2, 11, 'presente', '2026-06-02 20:28:13', '2026-06-02 20:28:13'),
(33, 2, 35, 'presente', '2026-06-02 20:28:13', '2026-06-02 20:28:13'),
(34, 2, 19, 'presente', '2026-06-02 20:28:13', '2026-06-02 20:28:13'),
(35, 3, 40, 'presente', '2026-06-03 01:55:45', '2026-06-03 01:55:45'),
(36, 3, 41, 'ausente', '2026-06-03 01:55:45', '2026-06-03 01:55:45'),
(37, 3, 42, 'presente', '2026-06-03 01:55:45', '2026-06-03 01:55:45'),
(38, 3, 43, 'presente', '2026-06-03 01:55:45', '2026-06-03 01:55:45'),
(39, 3, 44, 'presente', '2026-06-03 01:55:45', '2026-06-03 01:55:45'),
(40, 3, 45, 'presente', '2026-06-03 01:55:45', '2026-06-03 01:55:45'),
(41, 3, 46, 'presente', '2026-06-03 01:55:45', '2026-06-03 01:55:45'),
(42, 3, 47, 'presente', '2026-06-03 01:55:45', '2026-06-03 01:55:45'),
(43, 3, 48, 'presente', '2026-06-03 01:55:45', '2026-06-03 01:55:45'),
(44, 3, 49, 'presente', '2026-06-03 01:55:45', '2026-06-03 01:55:45'),
(45, 3, 50, 'ausente', '2026-06-03 01:55:45', '2026-06-03 01:55:45'),
(46, 3, 51, 'presente', '2026-06-03 01:55:45', '2026-06-03 01:55:45'),
(47, 3, 52, 'presente', '2026-06-03 01:55:45', '2026-06-03 01:55:45'),
(48, 3, 53, 'presente', '2026-06-03 01:55:45', '2026-06-03 01:55:45'),
(49, 3, 54, 'ausente', '2026-06-03 01:55:45', '2026-06-03 01:55:45'),
(50, 3, 55, 'presente', '2026-06-03 01:55:45', '2026-06-03 01:55:45'),
(51, 3, 56, 'presente', '2026-06-03 01:55:45', '2026-06-03 01:55:45'),
(52, 3, 57, 'ausente', '2026-06-03 01:55:45', '2026-06-03 01:55:45'),
(53, 3, 58, 'presente', '2026-06-03 01:55:45', '2026-06-03 01:55:45'),
(54, 3, 59, 'presente', '2026-06-03 01:55:45', '2026-06-03 01:55:45'),
(55, 3, 60, 'presente', '2026-06-03 01:55:45', '2026-06-03 01:55:45'),
(56, 3, 61, 'ausente', '2026-06-03 01:55:45', '2026-06-03 01:55:45'),
(57, 3, 62, 'presente', '2026-06-03 01:55:45', '2026-06-03 01:55:45'),
(58, 4, 40, 'presente', '2026-06-03 03:18:46', '2026-06-03 03:18:46'),
(59, 4, 41, 'presente', '2026-06-03 03:18:46', '2026-06-03 03:18:46'),
(60, 4, 42, 'presente', '2026-06-03 03:18:46', '2026-06-03 03:18:46'),
(61, 4, 43, 'presente', '2026-06-03 03:18:46', '2026-06-03 03:18:46'),
(62, 4, 44, 'presente', '2026-06-03 03:18:46', '2026-06-03 03:18:46'),
(63, 4, 45, 'presente', '2026-06-03 03:18:46', '2026-06-03 03:18:46'),
(64, 4, 46, 'ausente', '2026-06-03 03:18:46', '2026-06-03 03:18:46'),
(65, 4, 47, 'presente', '2026-06-03 03:18:46', '2026-06-03 03:18:46'),
(66, 4, 48, 'presente', '2026-06-03 03:18:46', '2026-06-03 03:18:46'),
(67, 4, 49, 'presente', '2026-06-03 03:18:46', '2026-06-03 03:18:46'),
(68, 4, 50, 'presente', '2026-06-03 03:18:46', '2026-06-03 03:18:46'),
(69, 4, 51, 'presente', '2026-06-03 03:18:46', '2026-06-03 03:18:46'),
(70, 4, 52, 'presente', '2026-06-03 03:18:46', '2026-06-03 03:18:46'),
(71, 4, 53, 'presente', '2026-06-03 03:18:46', '2026-06-03 03:18:46'),
(72, 4, 54, 'presente', '2026-06-03 03:18:46', '2026-06-03 03:18:46'),
(73, 4, 55, 'presente', '2026-06-03 03:18:46', '2026-06-03 03:18:46'),
(74, 4, 56, 'presente', '2026-06-03 03:18:46', '2026-06-03 03:18:46'),
(75, 4, 57, 'presente', '2026-06-03 03:18:46', '2026-06-03 03:18:46'),
(76, 4, 58, 'presente', '2026-06-03 03:18:46', '2026-06-03 03:18:46'),
(77, 4, 59, 'presente', '2026-06-03 03:18:46', '2026-06-03 03:18:46'),
(78, 4, 60, 'presente', '2026-06-03 03:18:46', '2026-06-03 03:18:46'),
(79, 4, 61, 'presente', '2026-06-03 03:18:46', '2026-06-03 03:18:46'),
(80, 4, 62, 'presente', '2026-06-03 03:18:46', '2026-06-03 03:18:46'),
(81, 5, 63, 'presente', '2026-06-03 21:01:09', '2026-06-03 21:01:09'),
(82, 5, 64, 'presente', '2026-06-03 21:01:09', '2026-06-03 21:01:09'),
(83, 5, 65, 'presente', '2026-06-03 21:01:09', '2026-06-03 21:01:09'),
(84, 5, 66, 'presente', '2026-06-03 21:01:09', '2026-06-03 21:01:09'),
(85, 5, 67, 'presente', '2026-06-03 21:01:09', '2026-06-03 21:01:09'),
(86, 5, 68, 'presente', '2026-06-03 21:01:09', '2026-06-03 21:01:09'),
(87, 5, 69, 'presente', '2026-06-03 21:01:09', '2026-06-03 21:01:09'),
(88, 5, 70, 'presente', '2026-06-03 21:01:09', '2026-06-03 21:01:09'),
(89, 5, 71, 'presente', '2026-06-03 21:01:09', '2026-06-03 21:01:09'),
(90, 5, 72, 'presente', '2026-06-03 21:01:09', '2026-06-10 19:31:18'),
(91, 5, 73, 'presente', '2026-06-03 21:01:09', '2026-06-03 21:01:09'),
(92, 5, 74, 'presente', '2026-06-03 21:01:09', '2026-06-03 21:01:09'),
(93, 5, 75, 'presente', '2026-06-03 21:01:09', '2026-06-03 21:01:09'),
(94, 5, 76, 'ausente', '2026-06-03 21:01:09', '2026-06-03 21:13:55'),
(95, 5, 77, 'presente', '2026-06-03 21:01:09', '2026-06-03 21:01:09'),
(96, 5, 78, 'presente', '2026-06-03 21:01:09', '2026-06-03 21:01:09'),
(97, 5, 79, 'presente', '2026-06-03 21:01:09', '2026-06-03 21:01:09'),
(98, 5, 80, 'presente', '2026-06-03 21:01:09', '2026-06-03 21:01:09'),
(99, 5, 81, 'presente', '2026-06-03 21:01:09', '2026-06-03 21:13:55'),
(100, 5, 82, 'presente', '2026-06-03 21:01:09', '2026-06-03 21:01:09'),
(101, 5, 83, 'presente', '2026-06-03 21:01:09', '2026-06-03 21:01:09'),
(102, 5, 84, 'presente', '2026-06-03 21:01:09', '2026-06-03 21:01:09'),
(103, 5, 85, 'presente', '2026-06-03 21:01:09', '2026-06-03 21:01:09'),
(104, 5, 86, 'presente', '2026-06-03 21:01:09', '2026-06-03 21:01:09'),
(105, 6, 63, 'presente', '2026-06-03 21:09:33', '2026-06-03 21:09:33'),
(106, 6, 64, 'presente', '2026-06-03 21:09:33', '2026-06-03 21:09:33'),
(107, 6, 65, 'presente', '2026-06-03 21:09:33', '2026-06-03 21:09:33'),
(108, 6, 66, 'presente', '2026-06-03 21:09:33', '2026-06-03 21:09:33'),
(109, 6, 67, 'presente', '2026-06-03 21:09:33', '2026-06-03 21:09:33'),
(110, 6, 68, 'presente', '2026-06-03 21:09:33', '2026-06-03 21:09:33'),
(111, 6, 69, 'presente', '2026-06-03 21:09:33', '2026-06-03 21:09:33'),
(112, 6, 70, 'presente', '2026-06-03 21:09:33', '2026-06-03 21:09:33'),
(113, 6, 71, 'presente', '2026-06-03 21:09:33', '2026-06-03 21:09:33'),
(114, 6, 72, 'presente', '2026-06-03 21:09:33', '2026-06-03 21:09:33'),
(115, 6, 73, 'presente', '2026-06-03 21:09:33', '2026-06-03 21:09:33'),
(116, 6, 74, 'presente', '2026-06-03 21:09:33', '2026-06-03 21:09:33'),
(117, 6, 75, 'presente', '2026-06-03 21:09:33', '2026-06-03 21:09:33'),
(118, 6, 76, 'presente', '2026-06-03 21:09:33', '2026-06-03 21:09:33'),
(119, 6, 77, 'presente', '2026-06-03 21:09:33', '2026-06-03 21:09:33'),
(120, 6, 78, 'presente', '2026-06-03 21:09:33', '2026-06-03 21:09:33'),
(121, 6, 79, 'presente', '2026-06-03 21:09:33', '2026-06-03 21:09:33'),
(122, 6, 80, 'presente', '2026-06-03 21:09:33', '2026-06-03 21:09:33'),
(123, 6, 81, 'presente', '2026-06-03 21:09:33', '2026-06-03 21:09:33'),
(124, 6, 82, 'presente', '2026-06-03 21:09:33', '2026-06-03 21:09:33'),
(125, 6, 83, 'presente', '2026-06-03 21:09:33', '2026-06-03 21:09:33'),
(126, 6, 84, 'presente', '2026-06-03 21:09:33', '2026-06-03 21:09:33'),
(127, 6, 85, 'presente', '2026-06-03 21:09:33', '2026-06-03 21:09:33'),
(128, 6, 86, 'presente', '2026-06-03 21:09:34', '2026-06-03 21:09:34'),
(129, 7, 63, 'presente', '2026-06-03 21:10:37', '2026-06-03 21:10:37'),
(130, 7, 64, 'presente', '2026-06-03 21:10:37', '2026-06-03 21:10:37'),
(131, 7, 65, 'presente', '2026-06-03 21:10:37', '2026-06-03 21:10:37'),
(132, 7, 66, 'presente', '2026-06-03 21:10:37', '2026-06-03 21:10:37'),
(133, 7, 67, 'presente', '2026-06-03 21:10:37', '2026-06-03 21:10:37'),
(134, 7, 68, 'presente', '2026-06-03 21:10:37', '2026-06-03 21:10:37'),
(135, 7, 69, 'presente', '2026-06-03 21:10:37', '2026-06-03 21:10:37'),
(136, 7, 70, 'presente', '2026-06-03 21:10:37', '2026-06-03 21:10:37'),
(137, 7, 71, 'presente', '2026-06-03 21:10:37', '2026-06-03 21:10:37'),
(138, 7, 72, 'presente', '2026-06-03 21:10:37', '2026-06-03 21:10:37'),
(139, 7, 73, 'presente', '2026-06-03 21:10:37', '2026-06-03 21:10:37'),
(140, 7, 74, 'presente', '2026-06-03 21:10:37', '2026-06-03 21:10:37'),
(141, 7, 75, 'presente', '2026-06-03 21:10:37', '2026-06-03 21:10:37'),
(142, 7, 76, 'ausente', '2026-06-03 21:10:37', '2026-06-03 21:10:37'),
(143, 7, 77, 'presente', '2026-06-03 21:10:37', '2026-06-03 21:10:37'),
(144, 7, 78, 'presente', '2026-06-03 21:10:37', '2026-06-03 21:10:37'),
(145, 7, 79, 'presente', '2026-06-03 21:10:37', '2026-06-03 21:10:37'),
(146, 7, 80, 'presente', '2026-06-03 21:10:37', '2026-06-03 21:10:37'),
(147, 7, 81, 'presente', '2026-06-03 21:10:37', '2026-06-03 21:10:37'),
(148, 7, 82, 'presente', '2026-06-03 21:10:37', '2026-06-03 21:10:37'),
(149, 7, 83, 'presente', '2026-06-03 21:10:37', '2026-06-03 21:10:37'),
(150, 7, 84, 'presente', '2026-06-03 21:10:37', '2026-06-03 21:10:37'),
(151, 7, 85, 'presente', '2026-06-03 21:10:37', '2026-06-03 21:10:37'),
(152, 7, 86, 'presente', '2026-06-03 21:10:37', '2026-06-03 21:10:37'),
(153, 8, 63, 'presente', '2026-06-03 21:11:35', '2026-06-03 21:11:35'),
(154, 8, 64, 'presente', '2026-06-03 21:11:35', '2026-06-03 21:11:35'),
(155, 8, 65, 'presente', '2026-06-03 21:11:35', '2026-06-03 21:11:35'),
(156, 8, 66, 'presente', '2026-06-03 21:11:35', '2026-06-03 21:11:35'),
(157, 8, 67, 'presente', '2026-06-03 21:11:35', '2026-06-03 21:11:35'),
(158, 8, 68, 'presente', '2026-06-03 21:11:35', '2026-06-03 21:11:35'),
(159, 8, 69, 'presente', '2026-06-03 21:11:35', '2026-06-03 21:11:35'),
(160, 8, 70, 'presente', '2026-06-03 21:11:35', '2026-06-03 21:11:35'),
(161, 8, 71, 'presente', '2026-06-03 21:11:35', '2026-06-03 21:11:35'),
(162, 8, 72, 'presente', '2026-06-03 21:11:35', '2026-06-03 21:11:35'),
(163, 8, 73, 'presente', '2026-06-03 21:11:35', '2026-06-03 21:11:35'),
(164, 8, 74, 'presente', '2026-06-03 21:11:35', '2026-06-03 21:11:35'),
(165, 8, 75, 'presente', '2026-06-03 21:11:35', '2026-06-03 21:11:35'),
(166, 8, 76, 'presente', '2026-06-03 21:11:35', '2026-06-03 21:11:35'),
(167, 8, 77, 'presente', '2026-06-03 21:11:35', '2026-06-03 21:11:35'),
(168, 8, 78, 'presente', '2026-06-03 21:11:35', '2026-06-03 21:11:35'),
(169, 8, 79, 'presente', '2026-06-03 21:11:35', '2026-06-03 21:11:35'),
(170, 8, 80, 'presente', '2026-06-03 21:11:35', '2026-06-03 21:11:35'),
(171, 8, 81, 'presente', '2026-06-03 21:11:35', '2026-06-03 21:11:35'),
(172, 8, 82, 'presente', '2026-06-03 21:11:35', '2026-06-03 21:11:35'),
(173, 8, 83, 'presente', '2026-06-03 21:11:35', '2026-06-03 21:11:35'),
(174, 8, 84, 'presente', '2026-06-03 21:11:35', '2026-06-03 21:11:35'),
(175, 8, 85, 'presente', '2026-06-03 21:11:35', '2026-06-03 21:11:35'),
(176, 8, 86, 'presente', '2026-06-03 21:11:35', '2026-06-03 21:11:35'),
(177, 9, 63, 'presente', '2026-06-03 21:11:56', '2026-06-03 21:11:56'),
(178, 9, 64, 'presente', '2026-06-03 21:11:56', '2026-06-03 21:11:56'),
(179, 9, 65, 'presente', '2026-06-03 21:11:56', '2026-06-03 21:11:56'),
(180, 9, 66, 'presente', '2026-06-03 21:11:56', '2026-06-03 21:11:56'),
(181, 9, 67, 'presente', '2026-06-03 21:11:56', '2026-06-03 21:11:56'),
(182, 9, 68, 'presente', '2026-06-03 21:11:56', '2026-06-03 21:11:56'),
(183, 9, 69, 'presente', '2026-06-03 21:11:56', '2026-06-03 21:11:56'),
(184, 9, 70, 'presente', '2026-06-03 21:11:56', '2026-06-03 21:11:56'),
(185, 9, 71, 'presente', '2026-06-03 21:11:56', '2026-06-03 21:11:56'),
(186, 9, 72, 'presente', '2026-06-03 21:11:57', '2026-06-03 21:11:57'),
(187, 9, 73, 'presente', '2026-06-03 21:11:57', '2026-06-03 21:11:57'),
(188, 9, 74, 'presente', '2026-06-03 21:11:57', '2026-06-03 21:11:57'),
(189, 9, 75, 'presente', '2026-06-03 21:11:57', '2026-06-03 21:11:57'),
(190, 9, 76, 'presente', '2026-06-03 21:11:57', '2026-06-03 21:11:57'),
(191, 9, 77, 'presente', '2026-06-03 21:11:57', '2026-06-03 21:11:57'),
(192, 9, 78, 'presente', '2026-06-03 21:11:57', '2026-06-03 21:11:57'),
(193, 9, 79, 'presente', '2026-06-03 21:11:57', '2026-06-03 21:11:57'),
(194, 9, 80, 'presente', '2026-06-03 21:11:57', '2026-06-03 21:11:57'),
(195, 9, 81, 'presente', '2026-06-03 21:11:57', '2026-06-03 21:11:57'),
(196, 9, 82, 'presente', '2026-06-03 21:11:57', '2026-06-03 21:11:57'),
(197, 9, 83, 'presente', '2026-06-03 21:11:57', '2026-06-03 21:11:57'),
(198, 9, 84, 'presente', '2026-06-03 21:11:57', '2026-06-03 21:11:57'),
(199, 9, 85, 'presente', '2026-06-03 21:11:57', '2026-06-03 21:11:57'),
(200, 9, 86, 'presente', '2026-06-03 21:11:57', '2026-06-03 21:11:57'),
(201, 10, 63, 'presente', '2026-06-03 21:21:43', '2026-06-03 21:21:43'),
(202, 10, 64, 'presente', '2026-06-03 21:21:43', '2026-06-03 21:21:43'),
(203, 10, 65, 'presente', '2026-06-03 21:21:43', '2026-06-03 21:21:43'),
(204, 10, 66, 'presente', '2026-06-03 21:21:43', '2026-06-03 21:21:43'),
(205, 10, 67, 'presente', '2026-06-03 21:21:43', '2026-06-03 21:21:43'),
(206, 10, 68, 'presente', '2026-06-03 21:21:43', '2026-06-03 21:21:43'),
(207, 10, 69, 'presente', '2026-06-03 21:21:43', '2026-06-03 21:21:43'),
(208, 10, 70, 'presente', '2026-06-03 21:21:43', '2026-06-03 21:21:43'),
(209, 10, 71, 'presente', '2026-06-03 21:21:43', '2026-06-03 21:21:43'),
(210, 10, 72, 'ausente', '2026-06-03 21:21:43', '2026-06-03 21:21:43'),
(211, 10, 73, 'presente', '2026-06-03 21:21:43', '2026-06-03 21:21:43'),
(212, 10, 74, 'presente', '2026-06-03 21:21:43', '2026-06-03 21:21:43'),
(213, 10, 75, 'presente', '2026-06-03 21:21:43', '2026-06-03 21:21:43'),
(214, 10, 76, 'presente', '2026-06-03 21:21:43', '2026-06-03 21:21:43'),
(215, 10, 77, 'presente', '2026-06-03 21:21:43', '2026-06-03 21:21:43'),
(216, 10, 78, 'presente', '2026-06-03 21:21:43', '2026-06-03 21:21:43'),
(217, 10, 79, 'presente', '2026-06-03 21:21:43', '2026-06-03 21:21:43'),
(218, 10, 80, 'presente', '2026-06-03 21:21:43', '2026-06-03 21:21:43'),
(219, 10, 81, 'ausente', '2026-06-03 21:21:43', '2026-06-03 21:21:43'),
(220, 10, 82, 'presente', '2026-06-03 21:21:43', '2026-06-03 21:21:43'),
(221, 10, 83, 'presente', '2026-06-03 21:21:43', '2026-06-03 21:21:43'),
(222, 10, 84, 'presente', '2026-06-03 21:21:43', '2026-06-03 21:21:43'),
(223, 10, 85, 'presente', '2026-06-03 21:21:43', '2026-06-03 21:21:43'),
(224, 10, 86, 'presente', '2026-06-03 21:21:43', '2026-06-03 21:21:43'),
(225, 11, 63, 'presente', '2026-06-03 21:22:00', '2026-06-03 21:22:00'),
(226, 11, 64, 'presente', '2026-06-03 21:22:00', '2026-06-03 21:22:00'),
(227, 11, 65, 'presente', '2026-06-03 21:22:00', '2026-06-03 21:22:00'),
(228, 11, 66, 'presente', '2026-06-03 21:22:00', '2026-06-03 21:22:00'),
(229, 11, 67, 'presente', '2026-06-03 21:22:00', '2026-06-03 21:22:00'),
(230, 11, 68, 'presente', '2026-06-03 21:22:00', '2026-06-03 21:22:00'),
(231, 11, 69, 'presente', '2026-06-03 21:22:00', '2026-06-03 21:22:00'),
(232, 11, 70, 'presente', '2026-06-03 21:22:00', '2026-06-03 21:22:00'),
(233, 11, 71, 'presente', '2026-06-03 21:22:00', '2026-06-03 21:22:00'),
(234, 11, 72, 'presente', '2026-06-03 21:22:00', '2026-06-03 21:22:00'),
(235, 11, 73, 'presente', '2026-06-03 21:22:00', '2026-06-03 21:22:00'),
(236, 11, 74, 'presente', '2026-06-03 21:22:00', '2026-06-03 21:22:00'),
(237, 11, 75, 'presente', '2026-06-03 21:22:00', '2026-06-03 21:22:00'),
(238, 11, 76, 'presente', '2026-06-03 21:22:00', '2026-06-03 21:22:00'),
(239, 11, 77, 'presente', '2026-06-03 21:22:00', '2026-06-03 21:22:00'),
(240, 11, 78, 'presente', '2026-06-03 21:22:00', '2026-06-03 21:22:00'),
(241, 11, 79, 'presente', '2026-06-03 21:22:00', '2026-06-03 21:22:00'),
(242, 11, 80, 'presente', '2026-06-03 21:22:00', '2026-06-03 21:22:00'),
(243, 11, 81, 'presente', '2026-06-03 21:22:00', '2026-06-03 21:22:00'),
(244, 11, 82, 'presente', '2026-06-03 21:22:00', '2026-06-03 21:22:00'),
(245, 11, 83, 'presente', '2026-06-03 21:22:00', '2026-06-03 21:22:00'),
(246, 11, 84, 'presente', '2026-06-03 21:22:00', '2026-06-03 21:22:00'),
(247, 11, 85, 'presente', '2026-06-03 21:22:00', '2026-06-03 21:22:00'),
(248, 11, 86, 'presente', '2026-06-03 21:22:00', '2026-06-03 21:22:00'),
(249, 12, 63, 'presente', '2026-06-03 21:22:15', '2026-06-03 21:22:15'),
(250, 12, 64, 'presente', '2026-06-03 21:22:15', '2026-06-03 21:22:15'),
(251, 12, 65, 'presente', '2026-06-03 21:22:15', '2026-06-03 21:22:15'),
(252, 12, 66, 'presente', '2026-06-03 21:22:15', '2026-06-03 21:22:15'),
(253, 12, 67, 'presente', '2026-06-03 21:22:15', '2026-06-03 21:22:15'),
(254, 12, 68, 'presente', '2026-06-03 21:22:15', '2026-06-03 21:22:15'),
(255, 12, 69, 'presente', '2026-06-03 21:22:15', '2026-06-03 21:22:15'),
(256, 12, 70, 'presente', '2026-06-03 21:22:15', '2026-06-03 21:22:15'),
(257, 12, 71, 'presente', '2026-06-03 21:22:15', '2026-06-03 21:22:15'),
(258, 12, 72, 'presente', '2026-06-03 21:22:15', '2026-06-03 21:22:15'),
(259, 12, 73, 'presente', '2026-06-03 21:22:15', '2026-06-03 21:22:15'),
(260, 12, 74, 'presente', '2026-06-03 21:22:15', '2026-06-03 21:22:15'),
(261, 12, 75, 'presente', '2026-06-03 21:22:15', '2026-06-03 21:22:15'),
(262, 12, 76, 'presente', '2026-06-03 21:22:15', '2026-06-03 21:22:15'),
(263, 12, 77, 'presente', '2026-06-03 21:22:15', '2026-06-03 21:22:15'),
(264, 12, 78, 'presente', '2026-06-03 21:22:15', '2026-06-03 21:22:15'),
(265, 12, 79, 'presente', '2026-06-03 21:22:15', '2026-06-03 21:22:15'),
(266, 12, 80, 'presente', '2026-06-03 21:22:15', '2026-06-03 21:22:15'),
(267, 12, 81, 'presente', '2026-06-03 21:22:15', '2026-06-03 21:22:15'),
(268, 12, 82, 'presente', '2026-06-03 21:22:15', '2026-06-03 21:22:15'),
(269, 12, 83, 'presente', '2026-06-03 21:22:15', '2026-06-03 21:22:15'),
(270, 12, 84, 'presente', '2026-06-03 21:22:15', '2026-06-03 21:22:15'),
(271, 12, 85, 'presente', '2026-06-03 21:22:15', '2026-06-03 21:22:15'),
(272, 12, 86, 'presente', '2026-06-03 21:22:15', '2026-06-03 21:22:15'),
(273, 13, 63, 'presente', '2026-06-03 21:22:31', '2026-06-03 21:22:31'),
(274, 13, 64, 'presente', '2026-06-03 21:22:31', '2026-06-03 21:22:31'),
(275, 13, 65, 'presente', '2026-06-03 21:22:31', '2026-06-03 21:22:31'),
(276, 13, 66, 'presente', '2026-06-03 21:22:31', '2026-06-03 21:22:31'),
(277, 13, 67, 'presente', '2026-06-03 21:22:31', '2026-06-03 21:22:31'),
(278, 13, 68, 'presente', '2026-06-03 21:22:31', '2026-06-03 21:22:31'),
(279, 13, 69, 'presente', '2026-06-03 21:22:31', '2026-06-03 21:22:31'),
(280, 13, 70, 'presente', '2026-06-03 21:22:31', '2026-06-03 21:22:31'),
(281, 13, 71, 'presente', '2026-06-03 21:22:31', '2026-06-03 21:22:31'),
(282, 13, 72, 'presente', '2026-06-03 21:22:31', '2026-06-03 21:22:31'),
(283, 13, 73, 'presente', '2026-06-03 21:22:31', '2026-06-03 21:22:31'),
(284, 13, 74, 'presente', '2026-06-03 21:22:31', '2026-06-03 21:22:31'),
(285, 13, 75, 'presente', '2026-06-03 21:22:31', '2026-06-03 21:22:31'),
(286, 13, 76, 'presente', '2026-06-03 21:22:31', '2026-06-03 21:22:31'),
(287, 13, 77, 'presente', '2026-06-03 21:22:31', '2026-06-03 21:22:31'),
(288, 13, 78, 'presente', '2026-06-03 21:22:31', '2026-06-03 21:22:31'),
(289, 13, 79, 'presente', '2026-06-03 21:22:31', '2026-06-03 21:22:31'),
(290, 13, 80, 'presente', '2026-06-03 21:22:31', '2026-06-03 21:22:31'),
(291, 13, 81, 'presente', '2026-06-03 21:22:31', '2026-06-03 21:22:31'),
(292, 13, 82, 'presente', '2026-06-03 21:22:31', '2026-06-03 21:22:31'),
(293, 13, 83, 'presente', '2026-06-03 21:22:31', '2026-06-03 21:22:31'),
(294, 13, 84, 'presente', '2026-06-03 21:22:32', '2026-06-03 21:22:32'),
(295, 13, 85, 'presente', '2026-06-03 21:22:32', '2026-06-03 21:22:32'),
(296, 13, 86, 'presente', '2026-06-03 21:22:32', '2026-06-03 21:22:32'),
(297, 14, 63, 'presente', '2026-06-03 21:22:50', '2026-06-03 21:22:50'),
(298, 14, 64, 'presente', '2026-06-03 21:22:50', '2026-06-03 21:22:50'),
(299, 14, 65, 'presente', '2026-06-03 21:22:50', '2026-06-03 21:22:50'),
(300, 14, 66, 'presente', '2026-06-03 21:22:50', '2026-06-03 21:22:50'),
(301, 14, 67, 'presente', '2026-06-03 21:22:50', '2026-06-03 21:22:50'),
(302, 14, 68, 'presente', '2026-06-03 21:22:50', '2026-06-03 21:22:50'),
(303, 14, 69, 'presente', '2026-06-03 21:22:50', '2026-06-03 21:22:50'),
(304, 14, 70, 'presente', '2026-06-03 21:22:50', '2026-06-03 21:22:50'),
(305, 14, 71, 'presente', '2026-06-03 21:22:50', '2026-06-03 21:22:50'),
(306, 14, 72, 'presente', '2026-06-03 21:22:50', '2026-06-03 21:22:50'),
(307, 14, 73, 'presente', '2026-06-03 21:22:50', '2026-06-03 21:22:50'),
(308, 14, 74, 'presente', '2026-06-03 21:22:50', '2026-06-03 21:22:50'),
(309, 14, 75, 'presente', '2026-06-03 21:22:50', '2026-06-03 21:22:50'),
(310, 14, 76, 'presente', '2026-06-03 21:22:50', '2026-06-03 21:22:50'),
(311, 14, 77, 'presente', '2026-06-03 21:22:50', '2026-06-03 21:22:50'),
(312, 14, 78, 'presente', '2026-06-03 21:22:50', '2026-06-03 21:22:50'),
(313, 14, 79, 'presente', '2026-06-03 21:22:50', '2026-06-03 21:22:50'),
(314, 14, 80, 'presente', '2026-06-03 21:22:50', '2026-06-03 21:22:50'),
(315, 14, 81, 'presente', '2026-06-03 21:22:50', '2026-06-03 21:22:50'),
(316, 14, 82, 'presente', '2026-06-03 21:22:50', '2026-06-03 21:22:50'),
(317, 14, 83, 'presente', '2026-06-03 21:22:50', '2026-06-03 21:22:50'),
(318, 14, 84, 'presente', '2026-06-03 21:22:50', '2026-06-03 21:22:50'),
(319, 14, 85, 'presente', '2026-06-03 21:22:50', '2026-06-03 21:22:50'),
(320, 14, 86, 'presente', '2026-06-03 21:22:50', '2026-06-03 21:22:50'),
(321, 15, 63, 'presente', '2026-06-03 21:23:10', '2026-06-03 21:23:10'),
(322, 15, 64, 'presente', '2026-06-03 21:23:10', '2026-06-03 21:23:10'),
(323, 15, 65, 'presente', '2026-06-03 21:23:10', '2026-06-03 21:23:10'),
(324, 15, 66, 'presente', '2026-06-03 21:23:10', '2026-06-03 21:23:10'),
(325, 15, 67, 'presente', '2026-06-03 21:23:10', '2026-06-03 21:23:10'),
(326, 15, 68, 'presente', '2026-06-03 21:23:10', '2026-06-03 21:23:10'),
(327, 15, 69, 'presente', '2026-06-03 21:23:10', '2026-06-03 21:23:10'),
(328, 15, 70, 'presente', '2026-06-03 21:23:10', '2026-06-03 21:23:10'),
(329, 15, 71, 'presente', '2026-06-03 21:23:10', '2026-06-03 21:23:10'),
(330, 15, 72, 'presente', '2026-06-03 21:23:10', '2026-06-03 21:23:10'),
(331, 15, 73, 'presente', '2026-06-03 21:23:10', '2026-06-03 21:23:10'),
(332, 15, 74, 'presente', '2026-06-03 21:23:10', '2026-06-03 21:23:10'),
(333, 15, 75, 'presente', '2026-06-03 21:23:10', '2026-06-03 21:23:10'),
(334, 15, 76, 'presente', '2026-06-03 21:23:10', '2026-06-03 21:23:10'),
(335, 15, 77, 'presente', '2026-06-03 21:23:10', '2026-06-03 21:23:10'),
(336, 15, 78, 'presente', '2026-06-03 21:23:10', '2026-06-03 21:23:10'),
(337, 15, 79, 'presente', '2026-06-03 21:23:10', '2026-06-03 21:23:10'),
(338, 15, 80, 'presente', '2026-06-03 21:23:10', '2026-06-03 21:23:10'),
(339, 15, 81, 'presente', '2026-06-03 21:23:10', '2026-06-03 21:23:10'),
(340, 15, 82, 'presente', '2026-06-03 21:23:10', '2026-06-03 21:23:10'),
(341, 15, 83, 'presente', '2026-06-03 21:23:10', '2026-06-03 21:23:10'),
(342, 15, 84, 'presente', '2026-06-03 21:23:10', '2026-06-03 21:23:10'),
(343, 15, 85, 'presente', '2026-06-03 21:23:10', '2026-06-03 21:23:10'),
(344, 15, 86, 'presente', '2026-06-03 21:23:10', '2026-06-03 21:23:10'),
(345, 16, 63, 'presente', '2026-06-03 21:23:25', '2026-06-03 21:23:25'),
(346, 16, 64, 'presente', '2026-06-03 21:23:25', '2026-06-03 21:23:25'),
(347, 16, 65, 'presente', '2026-06-03 21:23:25', '2026-06-03 21:23:25'),
(348, 16, 66, 'presente', '2026-06-03 21:23:25', '2026-06-03 21:23:25'),
(349, 16, 67, 'presente', '2026-06-03 21:23:25', '2026-06-03 21:23:25'),
(350, 16, 68, 'presente', '2026-06-03 21:23:25', '2026-06-03 21:23:25'),
(351, 16, 69, 'presente', '2026-06-03 21:23:25', '2026-06-03 21:23:25'),
(352, 16, 70, 'presente', '2026-06-03 21:23:25', '2026-06-03 21:23:25'),
(353, 16, 71, 'presente', '2026-06-03 21:23:25', '2026-06-03 21:23:25'),
(354, 16, 72, 'presente', '2026-06-03 21:23:25', '2026-06-03 21:23:25'),
(355, 16, 73, 'presente', '2026-06-03 21:23:25', '2026-06-03 21:23:25'),
(356, 16, 74, 'presente', '2026-06-03 21:23:25', '2026-06-03 21:23:25'),
(357, 16, 75, 'presente', '2026-06-03 21:23:25', '2026-06-03 21:23:25'),
(358, 16, 76, 'presente', '2026-06-03 21:23:25', '2026-06-03 21:23:25'),
(359, 16, 77, 'presente', '2026-06-03 21:23:25', '2026-06-03 21:23:25'),
(360, 16, 78, 'presente', '2026-06-03 21:23:25', '2026-06-03 21:23:25'),
(361, 16, 79, 'presente', '2026-06-03 21:23:25', '2026-06-03 21:23:25'),
(362, 16, 80, 'presente', '2026-06-03 21:23:25', '2026-06-03 21:23:25'),
(363, 16, 81, 'presente', '2026-06-03 21:23:25', '2026-06-03 21:23:25'),
(364, 16, 82, 'presente', '2026-06-03 21:23:25', '2026-06-03 21:23:25'),
(365, 16, 83, 'presente', '2026-06-03 21:23:25', '2026-06-03 21:23:25'),
(366, 16, 84, 'presente', '2026-06-03 21:23:25', '2026-06-03 21:23:25'),
(367, 16, 85, 'presente', '2026-06-03 21:23:25', '2026-06-03 21:23:25'),
(368, 16, 86, 'presente', '2026-06-03 21:23:25', '2026-06-03 21:23:25'),
(369, 17, 92, 'presente', '2026-06-03 23:32:37', '2026-06-03 23:32:37'),
(370, 17, 99, 'presente', '2026-06-03 23:32:37', '2026-06-03 23:32:37'),
(371, 17, 104, 'ausente', '2026-06-03 23:32:37', '2026-06-03 23:32:37'),
(372, 17, 105, 'presente', '2026-06-03 23:32:37', '2026-06-03 23:32:37'),
(373, 17, 102, 'presente', '2026-06-03 23:32:37', '2026-06-03 23:32:37'),
(374, 17, 91, 'presente', '2026-06-03 23:32:37', '2026-06-03 23:32:37'),
(375, 17, 100, 'presente', '2026-06-03 23:32:37', '2026-06-03 23:32:37'),
(376, 17, 98, 'presente', '2026-06-03 23:32:37', '2026-06-03 23:32:37'),
(377, 17, 103, 'presente', '2026-06-03 23:32:37', '2026-06-03 23:32:37'),
(378, 17, 96, 'presente', '2026-06-03 23:32:37', '2026-06-03 23:32:37'),
(379, 17, 94, 'presente', '2026-06-03 23:32:37', '2026-06-03 23:32:37'),
(380, 17, 106, 'presente', '2026-06-03 23:32:37', '2026-06-03 23:32:37'),
(381, 17, 95, 'presente', '2026-06-03 23:32:37', '2026-06-03 23:32:37'),
(382, 17, 88, 'presente', '2026-06-03 23:32:37', '2026-06-03 23:32:37'),
(383, 17, 93, 'presente', '2026-06-03 23:32:37', '2026-06-03 23:32:37'),
(384, 17, 90, 'presente', '2026-06-03 23:32:37', '2026-06-03 23:32:37'),
(385, 17, 97, 'ausente', '2026-06-03 23:32:37', '2026-06-03 23:32:37'),
(386, 17, 89, 'presente', '2026-06-03 23:32:37', '2026-06-03 23:32:37'),
(387, 17, 101, 'presente', '2026-06-03 23:32:37', '2026-06-03 23:32:37'),
(388, 17, 87, 'ausente', '2026-06-03 23:32:37', '2026-06-03 23:32:37'),
(389, 18, 117, 'ausente', '2026-06-05 00:17:51', '2026-06-05 00:17:51'),
(390, 18, 114, 'presente', '2026-06-05 00:17:51', '2026-06-05 00:17:51'),
(391, 18, 126, 'presente', '2026-06-05 00:17:51', '2026-06-05 00:17:51'),
(392, 18, 127, 'ausente', '2026-06-05 00:17:51', '2026-06-05 00:17:51'),
(393, 18, 116, 'presente', '2026-06-05 00:17:51', '2026-06-05 00:17:51'),
(394, 18, 107, 'presente', '2026-06-05 00:17:51', '2026-06-05 00:17:51'),
(395, 18, 128, 'excusa', '2026-06-05 00:17:51', '2026-06-12 00:15:18'),
(396, 18, 124, 'presente', '2026-06-05 00:17:51', '2026-06-05 00:17:51'),
(397, 18, 119, 'presente', '2026-06-05 00:17:51', '2026-06-05 00:17:51'),
(398, 18, 113, 'presente', '2026-06-05 00:17:51', '2026-06-05 00:17:51'),
(399, 18, 110, 'presente', '2026-06-05 00:17:51', '2026-06-05 00:17:51'),
(400, 18, 121, 'excusa', '2026-06-05 00:17:51', '2026-06-12 00:12:52'),
(401, 18, 129, 'presente', '2026-06-05 00:17:51', '2026-06-05 00:17:51'),
(402, 18, 109, 'presente', '2026-06-05 00:17:51', '2026-06-05 00:17:51'),
(403, 18, 123, 'presente', '2026-06-05 00:17:51', '2026-06-05 00:17:51'),
(404, 18, 118, 'presente', '2026-06-05 00:17:51', '2026-06-05 00:17:51'),
(405, 18, 115, 'presente', '2026-06-05 00:17:51', '2026-06-05 00:17:51'),
(406, 18, 108, 'presente', '2026-06-05 00:17:51', '2026-06-05 00:17:51'),
(407, 18, 111, 'presente', '2026-06-05 00:17:51', '2026-06-05 00:17:51'),
(408, 18, 122, 'presente', '2026-06-05 00:17:51', '2026-06-05 00:17:51'),
(409, 18, 112, 'presente', '2026-06-05 00:17:51', '2026-06-05 00:17:51'),
(410, 18, 120, 'presente', '2026-06-05 00:17:51', '2026-06-05 00:17:51'),
(411, 18, 125, 'presente', '2026-06-05 00:17:51', '2026-06-05 00:17:51'),
(412, 18, 130, 'excusa', '2026-06-05 00:17:51', '2026-06-12 01:45:17'),
(413, 18, 131, 'presente', '2026-06-05 00:17:51', '2026-06-05 00:17:51'),
(414, 19, 21, 'ausente', '2026-06-09 17:17:33', '2026-06-09 17:17:33'),
(415, 19, 23, 'ausente', '2026-06-09 17:17:33', '2026-06-09 17:17:33'),
(416, 19, 33, 'ausente', '2026-06-09 17:17:33', '2026-06-09 17:17:33'),
(417, 19, 13, 'presente', '2026-06-09 17:17:33', '2026-06-09 17:17:33'),
(418, 19, 15, 'ausente', '2026-06-09 17:17:33', '2026-06-09 17:17:33'),
(419, 19, 38, 'presente', '2026-06-09 17:17:33', '2026-06-09 17:17:33'),
(420, 19, 17, 'ausente', '2026-06-09 17:17:33', '2026-06-09 17:17:33'),
(421, 19, 37, 'ausente', '2026-06-09 17:17:33', '2026-06-09 17:17:33'),
(422, 19, 22, 'presente', '2026-06-09 17:17:33', '2026-06-09 17:17:33'),
(423, 19, 31, 'ausente', '2026-06-09 17:17:33', '2026-06-09 17:17:33'),
(424, 19, 27, 'ausente', '2026-06-09 17:17:33', '2026-06-09 17:17:33'),
(425, 19, 28, 'presente', '2026-06-09 17:17:33', '2026-06-09 17:17:33'),
(426, 19, 25, 'presente', '2026-06-09 17:17:33', '2026-06-09 17:17:33'),
(427, 19, 29, 'ausente', '2026-06-09 17:17:33', '2026-06-09 17:17:33'),
(428, 19, 30, 'presente', '2026-06-09 17:17:33', '2026-06-09 17:17:33'),
(429, 19, 9, 'presente', '2026-06-09 17:17:33', '2026-06-09 17:17:33'),
(430, 19, 10, 'presente', '2026-06-09 17:17:33', '2026-06-09 17:17:33'),
(431, 19, 18, 'ausente', '2026-06-09 17:17:33', '2026-06-09 17:17:33'),
(432, 19, 26, 'presente', '2026-06-09 17:17:33', '2026-06-09 17:17:33'),
(433, 19, 34, 'presente', '2026-06-09 17:17:33', '2026-06-09 17:17:33'),
(434, 19, 24, 'ausente', '2026-06-09 17:17:33', '2026-06-09 17:17:33'),
(435, 19, 36, 'ausente', '2026-06-09 17:17:33', '2026-06-09 17:17:33'),
(436, 19, 32, 'presente', '2026-06-09 17:17:33', '2026-06-09 17:17:33'),
(437, 19, 8, 'ausente', '2026-06-09 17:17:33', '2026-06-09 17:17:33'),
(438, 19, 14, 'presente', '2026-06-09 17:17:33', '2026-06-09 17:17:33'),
(439, 19, 7, 'presente', '2026-06-09 17:17:33', '2026-06-09 17:17:33'),
(440, 19, 20, 'presente', '2026-06-09 17:17:33', '2026-06-09 17:17:33'),
(441, 19, 12, 'presente', '2026-06-09 17:17:33', '2026-06-09 17:17:33'),
(442, 19, 16, 'presente', '2026-06-09 17:17:33', '2026-06-09 17:17:33'),
(443, 19, 11, 'ausente', '2026-06-09 17:17:33', '2026-06-09 17:17:33'),
(444, 19, 35, 'presente', '2026-06-09 17:17:33', '2026-06-09 17:17:33'),
(445, 19, 19, 'presente', '2026-06-09 17:17:33', '2026-06-09 17:17:33'),
(446, 20, 21, 'presente', '2026-06-09 19:01:05', '2026-06-09 19:01:05'),
(447, 20, 23, 'presente', '2026-06-09 19:01:05', '2026-06-09 19:01:05'),
(448, 20, 33, 'presente', '2026-06-09 19:01:05', '2026-06-09 19:01:05'),
(449, 20, 13, 'presente', '2026-06-09 19:01:05', '2026-06-09 19:01:05'),
(450, 20, 15, 'presente', '2026-06-09 19:01:05', '2026-06-09 19:01:05'),
(451, 20, 38, 'presente', '2026-06-09 19:01:05', '2026-06-09 19:01:05'),
(452, 20, 17, 'presente', '2026-06-09 19:01:05', '2026-06-09 19:01:05'),
(453, 20, 37, 'presente', '2026-06-09 19:01:05', '2026-06-09 19:01:05'),
(454, 20, 22, 'presente', '2026-06-09 19:01:05', '2026-06-09 19:01:05'),
(455, 20, 31, 'presente', '2026-06-09 19:01:05', '2026-06-09 19:01:05'),
(456, 20, 27, 'presente', '2026-06-09 19:01:05', '2026-06-09 19:01:05'),
(457, 20, 28, 'presente', '2026-06-09 19:01:05', '2026-06-09 19:01:05'),
(458, 20, 25, 'presente', '2026-06-09 19:01:05', '2026-06-09 19:01:05'),
(459, 20, 29, 'presente', '2026-06-09 19:01:05', '2026-06-09 19:01:05'),
(460, 20, 30, 'presente', '2026-06-09 19:01:05', '2026-06-09 19:01:05'),
(461, 20, 9, 'presente', '2026-06-09 19:01:05', '2026-06-09 19:01:05'),
(462, 20, 10, 'presente', '2026-06-09 19:01:05', '2026-06-09 19:01:05'),
(463, 20, 18, 'presente', '2026-06-09 19:01:05', '2026-06-09 19:01:05'),
(464, 20, 26, 'presente', '2026-06-09 19:01:05', '2026-06-09 19:01:05'),
(465, 20, 34, 'presente', '2026-06-09 19:01:05', '2026-06-09 19:01:05'),
(466, 20, 24, 'presente', '2026-06-09 19:01:05', '2026-06-09 19:01:05'),
(467, 20, 36, 'presente', '2026-06-09 19:01:05', '2026-06-09 19:01:05'),
(468, 20, 32, 'presente', '2026-06-09 19:01:05', '2026-06-09 19:01:05'),
(469, 20, 8, 'presente', '2026-06-09 19:01:05', '2026-06-09 19:01:05'),
(470, 20, 14, 'presente', '2026-06-09 19:01:05', '2026-06-09 19:01:05'),
(471, 20, 7, 'presente', '2026-06-09 19:01:05', '2026-06-09 19:01:05'),
(472, 20, 20, 'presente', '2026-06-09 19:01:05', '2026-06-09 19:01:05'),
(473, 20, 12, 'presente', '2026-06-09 19:01:05', '2026-06-09 19:01:05'),
(474, 20, 16, 'presente', '2026-06-09 19:01:05', '2026-06-09 19:01:05'),
(475, 20, 11, 'presente', '2026-06-09 19:01:05', '2026-06-09 19:01:05'),
(476, 20, 35, 'presente', '2026-06-09 19:01:05', '2026-06-09 19:01:05'),
(477, 20, 19, 'presente', '2026-06-09 19:01:05', '2026-06-09 19:01:05'),
(478, 21, 21, 'presente', '2026-06-09 19:03:09', '2026-06-09 19:03:09'),
(479, 21, 23, 'presente', '2026-06-09 19:03:09', '2026-06-09 19:03:09'),
(480, 21, 33, 'ausente', '2026-06-09 19:03:09', '2026-06-09 19:03:09'),
(481, 21, 13, 'presente', '2026-06-09 19:03:10', '2026-06-09 19:03:10'),
(482, 21, 15, 'presente', '2026-06-09 19:03:10', '2026-06-09 19:03:10'),
(483, 21, 38, 'ausente', '2026-06-09 19:03:10', '2026-06-09 19:03:10'),
(484, 21, 17, 'presente', '2026-06-09 19:03:10', '2026-06-09 19:03:10'),
(485, 21, 37, 'excusa', '2026-06-09 19:03:10', '2026-06-09 19:03:10'),
(486, 21, 22, 'presente', '2026-06-09 19:03:10', '2026-06-09 19:03:10'),
(487, 21, 31, 'presente', '2026-06-09 19:03:10', '2026-06-09 19:03:10'),
(488, 21, 27, 'presente', '2026-06-09 19:03:10', '2026-06-09 19:03:10'),
(489, 21, 28, 'presente', '2026-06-09 19:03:10', '2026-06-09 19:03:10'),
(490, 21, 25, 'presente', '2026-06-09 19:03:10', '2026-06-09 19:03:10'),
(491, 21, 29, 'presente', '2026-06-09 19:03:10', '2026-06-09 19:03:10'),
(492, 21, 30, 'presente', '2026-06-09 19:03:10', '2026-06-09 19:03:10'),
(493, 21, 9, 'presente', '2026-06-09 19:03:10', '2026-06-09 19:03:10'),
(494, 21, 10, 'presente', '2026-06-09 19:03:10', '2026-06-09 19:03:10'),
(495, 21, 18, 'ausente', '2026-06-09 19:03:10', '2026-06-09 19:03:10'),
(496, 21, 26, 'presente', '2026-06-09 19:03:10', '2026-06-09 19:03:10'),
(497, 21, 34, 'presente', '2026-06-09 19:03:10', '2026-06-09 19:03:10'),
(498, 21, 24, 'excusa', '2026-06-09 19:03:10', '2026-06-09 19:03:10'),
(499, 21, 36, 'presente', '2026-06-09 19:03:10', '2026-06-09 19:03:10'),
(500, 21, 32, 'presente', '2026-06-09 19:03:10', '2026-06-09 19:03:10'),
(501, 21, 8, 'presente', '2026-06-09 19:03:10', '2026-06-09 19:03:10'),
(502, 21, 14, 'presente', '2026-06-09 19:03:10', '2026-06-09 19:03:10'),
(503, 21, 7, 'ausente', '2026-06-09 19:03:10', '2026-06-09 19:03:10'),
(504, 21, 20, 'presente', '2026-06-09 19:03:10', '2026-06-09 19:03:10'),
(505, 21, 12, 'presente', '2026-06-09 19:03:10', '2026-06-09 19:03:10'),
(506, 21, 16, 'presente', '2026-06-09 19:03:10', '2026-06-09 19:03:10'),
(507, 21, 11, 'presente', '2026-06-09 19:03:10', '2026-06-09 19:03:10'),
(508, 21, 35, 'presente', '2026-06-09 19:03:10', '2026-06-09 19:03:10'),
(509, 21, 19, 'presente', '2026-06-09 19:03:10', '2026-06-09 19:03:10'),
(510, 22, 21, 'presente', '2026-06-09 19:04:35', '2026-06-09 19:04:35'),
(511, 22, 23, 'presente', '2026-06-09 19:04:35', '2026-06-09 19:04:35'),
(512, 22, 33, 'presente', '2026-06-09 19:04:35', '2026-06-09 19:04:35'),
(513, 22, 13, 'presente', '2026-06-09 19:04:35', '2026-06-09 19:04:35'),
(514, 22, 15, 'presente', '2026-06-09 19:04:35', '2026-06-09 19:04:35'),
(515, 22, 38, 'presente', '2026-06-09 19:04:35', '2026-06-09 19:04:35'),
(516, 22, 17, 'presente', '2026-06-09 19:04:35', '2026-06-09 19:04:35'),
(517, 22, 37, 'presente', '2026-06-09 19:04:35', '2026-06-09 19:04:35'),
(518, 22, 22, 'presente', '2026-06-09 19:04:35', '2026-06-09 19:04:35'),
(519, 22, 31, 'presente', '2026-06-09 19:04:35', '2026-06-09 19:04:35'),
(520, 22, 27, 'presente', '2026-06-09 19:04:35', '2026-06-09 19:04:35'),
(521, 22, 28, 'presente', '2026-06-09 19:04:35', '2026-06-09 19:04:35'),
(522, 22, 25, 'presente', '2026-06-09 19:04:35', '2026-06-09 19:04:35'),
(523, 22, 29, 'presente', '2026-06-09 19:04:35', '2026-06-09 19:04:35'),
(524, 22, 30, 'presente', '2026-06-09 19:04:35', '2026-06-09 19:04:35'),
(525, 22, 9, 'presente', '2026-06-09 19:04:35', '2026-06-09 19:04:35'),
(526, 22, 10, 'presente', '2026-06-09 19:04:35', '2026-06-09 19:04:35'),
(527, 22, 18, 'presente', '2026-06-09 19:04:35', '2026-06-09 19:04:35'),
(528, 22, 26, 'presente', '2026-06-09 19:04:35', '2026-06-09 19:04:35'),
(529, 22, 34, 'ausente', '2026-06-09 19:04:35', '2026-06-09 19:04:35'),
(530, 22, 24, 'presente', '2026-06-09 19:04:35', '2026-06-09 19:04:35'),
(531, 22, 36, 'presente', '2026-06-09 19:04:35', '2026-06-09 19:04:35'),
(532, 22, 32, 'presente', '2026-06-09 19:04:35', '2026-06-09 19:04:35'),
(533, 22, 8, 'presente', '2026-06-09 19:04:35', '2026-06-09 19:04:35'),
(534, 22, 14, 'ausente', '2026-06-09 19:04:35', '2026-06-09 19:04:35'),
(535, 22, 7, 'presente', '2026-06-09 19:04:35', '2026-06-09 19:04:35'),
(536, 22, 20, 'presente', '2026-06-09 19:04:35', '2026-06-09 19:04:35'),
(537, 22, 12, 'presente', '2026-06-09 19:04:35', '2026-06-09 19:04:35'),
(538, 22, 16, 'presente', '2026-06-09 19:04:35', '2026-06-09 19:04:35'),
(539, 22, 11, 'presente', '2026-06-09 19:04:35', '2026-06-09 19:04:35'),
(540, 22, 35, 'presente', '2026-06-09 19:04:35', '2026-06-09 19:04:35'),
(541, 22, 19, 'presente', '2026-06-09 19:04:35', '2026-06-09 19:04:35'),
(542, 23, 21, 'presente', '2026-06-09 19:06:24', '2026-06-09 19:06:24'),
(543, 23, 23, 'ausente', '2026-06-09 19:06:24', '2026-06-09 19:06:24'),
(544, 23, 33, 'presente', '2026-06-09 19:06:24', '2026-06-09 19:06:24'),
(545, 23, 13, 'presente', '2026-06-09 19:06:24', '2026-06-09 19:06:24'),
(546, 23, 15, 'presente', '2026-06-09 19:06:24', '2026-06-09 19:06:24'),
(547, 23, 38, 'presente', '2026-06-09 19:06:24', '2026-06-09 19:06:24'),
(548, 23, 17, 'presente', '2026-06-09 19:06:24', '2026-06-09 19:06:24'),
(549, 23, 37, 'excusa', '2026-06-09 19:06:24', '2026-06-09 19:06:24'),
(550, 23, 22, 'presente', '2026-06-09 19:06:24', '2026-06-09 19:06:24'),
(551, 23, 31, 'presente', '2026-06-09 19:06:24', '2026-06-09 19:06:24'),
(552, 23, 27, 'presente', '2026-06-09 19:06:24', '2026-06-09 19:06:24'),
(553, 23, 28, 'presente', '2026-06-09 19:06:24', '2026-06-09 19:06:24'),
(554, 23, 25, 'excusa', '2026-06-09 19:06:24', '2026-06-09 19:06:24'),
(555, 23, 29, 'excusa', '2026-06-09 19:06:24', '2026-06-09 19:06:24'),
(556, 23, 30, 'presente', '2026-06-09 19:06:24', '2026-06-09 19:06:24'),
(557, 23, 9, 'presente', '2026-06-09 19:06:24', '2026-06-09 19:06:24'),
(558, 23, 10, 'presente', '2026-06-09 19:06:24', '2026-06-09 19:06:24'),
(559, 23, 18, 'presente', '2026-06-09 19:06:24', '2026-06-09 19:06:24'),
(560, 23, 26, 'presente', '2026-06-09 19:06:24', '2026-06-09 19:06:24'),
(561, 23, 34, 'excusa', '2026-06-09 19:06:24', '2026-06-09 19:06:24'),
(562, 23, 24, 'presente', '2026-06-09 19:06:24', '2026-06-09 19:06:24'),
(563, 23, 36, 'presente', '2026-06-09 19:06:24', '2026-06-09 19:06:24'),
(564, 23, 32, 'presente', '2026-06-09 19:06:24', '2026-06-09 19:06:24'),
(565, 23, 8, 'presente', '2026-06-09 19:06:24', '2026-06-09 19:06:24'),
(566, 23, 14, 'ausente', '2026-06-09 19:06:24', '2026-06-09 19:06:24'),
(567, 23, 7, 'presente', '2026-06-09 19:06:24', '2026-06-09 19:06:24'),
(568, 23, 20, 'presente', '2026-06-09 19:06:24', '2026-06-09 19:06:24'),
(569, 23, 12, 'presente', '2026-06-09 19:06:24', '2026-06-09 19:06:24'),
(570, 23, 16, 'presente', '2026-06-09 19:06:24', '2026-06-09 19:06:24'),
(571, 23, 11, 'presente', '2026-06-09 19:06:24', '2026-06-09 19:06:24'),
(572, 23, 35, 'presente', '2026-06-09 19:06:24', '2026-06-09 19:06:24'),
(573, 23, 19, 'presente', '2026-06-09 19:06:24', '2026-06-09 19:06:24'),
(574, 24, 40, 'presente', '2026-06-10 00:08:10', '2026-06-10 00:08:10'),
(575, 24, 42, 'ausente', '2026-06-10 00:08:10', '2026-06-10 00:08:10'),
(576, 24, 43, 'ausente', '2026-06-10 00:08:10', '2026-06-10 00:08:10'),
(577, 24, 44, 'presente', '2026-06-10 00:08:10', '2026-06-10 00:08:10'),
(578, 24, 45, 'presente', '2026-06-10 00:08:10', '2026-06-10 00:34:06'),
(579, 24, 46, 'presente', '2026-06-10 00:08:10', '2026-06-10 00:08:10'),
(580, 24, 47, 'presente', '2026-06-10 00:08:10', '2026-06-10 00:08:10'),
(581, 24, 48, 'presente', '2026-06-10 00:08:10', '2026-06-10 00:08:10'),
(582, 24, 49, 'presente', '2026-06-10 00:08:10', '2026-06-10 00:08:10'),
(583, 24, 50, 'presente', '2026-06-10 00:08:10', '2026-06-10 00:08:10'),
(584, 24, 51, 'presente', '2026-06-10 00:08:10', '2026-06-10 00:34:06'),
(585, 24, 52, 'presente', '2026-06-10 00:08:10', '2026-06-10 00:08:10'),
(586, 24, 53, 'presente', '2026-06-10 00:08:10', '2026-06-10 00:08:10'),
(587, 24, 55, 'presente', '2026-06-10 00:08:10', '2026-06-10 00:34:06'),
(588, 24, 56, 'presente', '2026-06-10 00:08:10', '2026-06-10 00:08:10'),
(589, 24, 57, 'ausente', '2026-06-10 00:08:10', '2026-06-10 00:08:10'),
(590, 24, 58, 'presente', '2026-06-10 00:08:10', '2026-06-10 00:08:10'),
(591, 24, 59, 'presente', '2026-06-10 00:08:10', '2026-06-10 00:08:10'),
(592, 24, 60, 'presente', '2026-06-10 00:08:10', '2026-06-10 00:34:06'),
(593, 24, 61, 'ausente', '2026-06-10 00:08:10', '2026-06-10 00:08:10'),
(594, 24, 62, 'presente', '2026-06-10 00:08:10', '2026-06-10 00:34:06'),
(595, 25, 63, 'presente', '2026-06-10 19:34:04', '2026-06-10 19:34:04'),
(596, 25, 64, 'presente', '2026-06-10 19:34:04', '2026-06-10 19:34:04'),
(597, 25, 65, 'presente', '2026-06-10 19:34:04', '2026-06-10 19:34:04'),
(598, 25, 66, 'presente', '2026-06-10 19:34:04', '2026-06-10 19:34:04'),
(599, 25, 67, 'presente', '2026-06-10 19:34:04', '2026-06-10 19:34:04'),
(600, 25, 68, 'presente', '2026-06-10 19:34:04', '2026-06-10 19:34:04'),
(601, 25, 69, 'presente', '2026-06-10 19:34:04', '2026-06-10 19:34:04'),
(602, 25, 70, 'presente', '2026-06-10 19:34:04', '2026-06-10 19:34:04'),
(603, 25, 71, 'presente', '2026-06-10 19:34:05', '2026-06-10 19:34:05'),
(604, 25, 72, 'presente', '2026-06-10 19:34:05', '2026-06-10 19:34:05'),
(605, 25, 73, 'presente', '2026-06-10 19:34:05', '2026-06-10 19:34:05'),
(606, 25, 74, 'presente', '2026-06-10 19:34:05', '2026-06-10 19:34:05'),
(607, 25, 75, 'presente', '2026-06-10 19:34:05', '2026-06-10 19:34:05'),
(608, 25, 76, 'presente', '2026-06-10 19:34:05', '2026-06-10 19:34:05'),
(609, 25, 77, 'presente', '2026-06-10 19:34:05', '2026-06-10 19:34:05'),
(610, 25, 78, 'presente', '2026-06-10 19:34:05', '2026-06-10 19:34:05'),
(611, 25, 79, 'presente', '2026-06-10 19:34:05', '2026-06-10 19:34:05'),
(612, 25, 80, 'presente', '2026-06-10 19:34:05', '2026-06-10 19:34:05'),
(613, 25, 81, 'presente', '2026-06-10 19:34:05', '2026-06-10 19:34:05'),
(614, 25, 82, 'presente', '2026-06-10 19:34:05', '2026-06-10 19:34:05'),
(615, 25, 83, 'presente', '2026-06-10 19:34:05', '2026-06-10 19:34:05'),
(616, 25, 84, 'ausente', '2026-06-10 19:34:05', '2026-06-10 19:34:05'),
(617, 25, 85, 'presente', '2026-06-10 19:34:05', '2026-06-10 19:34:05'),
(618, 25, 86, 'presente', '2026-06-10 19:34:05', '2026-06-10 19:34:05'),
(619, 26, 21, 'presente', '2026-06-10 20:31:15', '2026-06-10 20:31:15'),
(620, 26, 23, 'presente', '2026-06-10 20:31:15', '2026-06-10 20:31:15'),
(621, 26, 33, 'presente', '2026-06-10 20:31:15', '2026-06-10 20:31:15'),
(622, 26, 13, 'presente', '2026-06-10 20:31:15', '2026-06-10 20:31:15'),
(623, 26, 15, 'presente', '2026-06-10 20:31:15', '2026-06-10 20:31:15'),
(624, 26, 38, 'presente', '2026-06-10 20:31:15', '2026-06-10 20:31:15'),
(625, 26, 17, 'presente', '2026-06-10 20:31:15', '2026-06-10 20:31:15'),
(626, 26, 37, 'presente', '2026-06-10 20:31:15', '2026-06-10 20:31:15'),
(627, 26, 22, 'presente', '2026-06-10 20:31:15', '2026-06-10 20:31:15'),
(628, 26, 31, 'presente', '2026-06-10 20:31:15', '2026-06-10 20:31:15'),
(629, 26, 27, 'presente', '2026-06-10 20:31:15', '2026-06-10 20:31:15'),
(630, 26, 28, 'presente', '2026-06-10 20:31:15', '2026-06-10 20:31:15'),
(631, 26, 25, 'presente', '2026-06-10 20:31:15', '2026-06-10 20:31:15'),
(632, 26, 29, 'presente', '2026-06-10 20:31:15', '2026-06-10 20:31:15'),
(633, 26, 30, 'presente', '2026-06-10 20:31:15', '2026-06-10 20:31:15'),
(634, 26, 9, 'presente', '2026-06-10 20:31:15', '2026-06-10 20:31:15'),
(635, 26, 10, 'presente', '2026-06-10 20:31:15', '2026-06-10 20:31:15'),
(636, 26, 18, 'presente', '2026-06-10 20:31:15', '2026-06-10 20:31:15'),
(637, 26, 26, 'presente', '2026-06-10 20:31:15', '2026-06-10 20:31:15'),
(638, 26, 34, 'presente', '2026-06-10 20:31:15', '2026-06-10 20:31:15'),
(639, 26, 24, 'presente', '2026-06-10 20:31:15', '2026-06-10 20:31:15'),
(640, 26, 36, 'ausente', '2026-06-10 20:31:15', '2026-06-10 20:31:15'),
(641, 26, 32, 'presente', '2026-06-10 20:31:15', '2026-06-10 20:31:15'),
(642, 26, 8, 'presente', '2026-06-10 20:31:15', '2026-06-10 20:31:15'),
(643, 26, 14, 'presente', '2026-06-10 20:31:15', '2026-06-10 20:31:15'),
(644, 26, 7, 'ausente', '2026-06-10 20:31:15', '2026-06-10 20:31:15'),
(645, 26, 20, 'presente', '2026-06-10 20:31:15', '2026-06-10 20:31:15'),
(646, 26, 12, 'presente', '2026-06-10 20:31:15', '2026-06-10 20:31:15'),
(647, 26, 16, 'presente', '2026-06-10 20:31:15', '2026-06-10 20:31:15'),
(648, 26, 11, 'presente', '2026-06-10 20:31:15', '2026-06-10 20:31:15'),
(649, 26, 35, 'presente', '2026-06-10 20:31:15', '2026-06-10 20:31:15'),
(650, 26, 19, 'presente', '2026-06-10 20:31:15', '2026-06-10 20:31:15'),
(651, 27, 21, 'presente', '2026-06-10 20:33:13', '2026-06-10 20:33:13'),
(652, 27, 23, 'ausente', '2026-06-10 20:33:13', '2026-06-10 20:33:13'),
(653, 27, 33, 'presente', '2026-06-10 20:33:13', '2026-06-10 20:33:13'),
(654, 27, 13, 'presente', '2026-06-10 20:33:13', '2026-06-10 20:33:13'),
(655, 27, 15, 'presente', '2026-06-10 20:33:13', '2026-06-10 20:33:13'),
(656, 27, 38, 'ausente', '2026-06-10 20:33:13', '2026-06-10 20:33:13'),
(657, 27, 17, 'presente', '2026-06-10 20:33:13', '2026-06-10 20:33:13'),
(658, 27, 37, 'ausente', '2026-06-10 20:33:13', '2026-06-10 20:33:13'),
(659, 27, 22, 'presente', '2026-06-10 20:33:13', '2026-06-10 20:33:13'),
(660, 27, 31, 'presente', '2026-06-10 20:33:13', '2026-06-10 20:33:13'),
(661, 27, 27, 'presente', '2026-06-10 20:33:13', '2026-06-10 20:33:13'),
(662, 27, 28, 'presente', '2026-06-10 20:33:13', '2026-06-10 20:33:13'),
(663, 27, 25, 'presente', '2026-06-10 20:33:13', '2026-06-10 20:33:13'),
(664, 27, 29, 'presente', '2026-06-10 20:33:13', '2026-06-10 20:33:13'),
(665, 27, 30, 'presente', '2026-06-10 20:33:13', '2026-06-10 20:33:13'),
(666, 27, 9, 'presente', '2026-06-10 20:33:13', '2026-06-10 20:33:13'),
(667, 27, 10, 'presente', '2026-06-10 20:33:13', '2026-06-10 20:33:13'),
(668, 27, 18, 'presente', '2026-06-10 20:33:13', '2026-06-10 20:33:13'),
(669, 27, 26, 'presente', '2026-06-10 20:33:13', '2026-06-10 20:33:13'),
(670, 27, 34, 'presente', '2026-06-10 20:33:13', '2026-06-10 20:33:13'),
(671, 27, 24, 'presente', '2026-06-10 20:33:13', '2026-06-10 20:33:13'),
(672, 27, 36, 'ausente', '2026-06-10 20:33:13', '2026-06-10 20:33:13'),
(673, 27, 32, 'ausente', '2026-06-10 20:33:13', '2026-06-10 20:33:13'),
(674, 27, 8, 'presente', '2026-06-10 20:33:13', '2026-06-10 20:33:13'),
(675, 27, 14, 'presente', '2026-06-10 20:33:13', '2026-06-10 20:33:13'),
(676, 27, 7, 'presente', '2026-06-10 20:33:13', '2026-06-10 20:33:13'),
(677, 27, 20, 'ausente', '2026-06-10 20:33:13', '2026-06-10 20:33:13'),
(678, 27, 12, 'presente', '2026-06-10 20:33:13', '2026-06-10 20:33:13'),
(679, 27, 16, 'presente', '2026-06-10 20:33:13', '2026-06-10 20:33:13'),
(680, 27, 11, 'presente', '2026-06-10 20:33:13', '2026-06-10 20:33:13'),
(681, 27, 35, 'presente', '2026-06-10 20:33:13', '2026-06-10 20:33:13'),
(682, 27, 19, 'presente', '2026-06-10 20:33:13', '2026-06-10 20:33:13'),
(683, 28, 21, 'presente', '2026-06-10 20:34:42', '2026-06-10 20:34:42'),
(684, 28, 23, 'presente', '2026-06-10 20:34:42', '2026-06-10 20:34:42'),
(685, 28, 33, 'presente', '2026-06-10 20:34:42', '2026-06-10 20:34:42'),
(686, 28, 13, 'presente', '2026-06-10 20:34:42', '2026-06-10 20:34:42'),
(687, 28, 15, 'presente', '2026-06-10 20:34:42', '2026-06-10 20:34:42'),
(688, 28, 38, 'presente', '2026-06-10 20:34:42', '2026-06-10 20:34:42'),
(689, 28, 17, 'presente', '2026-06-10 20:34:42', '2026-06-10 20:34:42'),
(690, 28, 37, 'presente', '2026-06-10 20:34:42', '2026-06-10 20:34:42'),
(691, 28, 22, 'presente', '2026-06-10 20:34:42', '2026-06-10 20:34:42'),
(692, 28, 31, 'ausente', '2026-06-10 20:34:42', '2026-06-10 20:34:42'),
(693, 28, 27, 'ausente', '2026-06-10 20:34:42', '2026-06-10 20:34:42'),
(694, 28, 28, 'presente', '2026-06-10 20:34:42', '2026-06-10 20:34:42'),
(695, 28, 25, 'presente', '2026-06-10 20:34:42', '2026-06-10 20:34:42'),
(696, 28, 29, 'presente', '2026-06-10 20:34:42', '2026-06-10 20:34:42'),
(697, 28, 30, 'presente', '2026-06-10 20:34:42', '2026-06-10 20:34:42'),
(698, 28, 9, 'presente', '2026-06-10 20:34:42', '2026-06-10 20:34:42'),
(699, 28, 10, 'presente', '2026-06-10 20:34:42', '2026-06-10 20:34:42'),
(700, 28, 18, 'presente', '2026-06-10 20:34:42', '2026-06-10 20:34:42'),
(701, 28, 26, 'ausente', '2026-06-10 20:34:42', '2026-06-10 20:34:42'),
(702, 28, 34, 'presente', '2026-06-10 20:34:42', '2026-06-10 20:34:42'),
(703, 28, 24, 'presente', '2026-06-10 20:34:42', '2026-06-10 20:34:42'),
(704, 28, 36, 'ausente', '2026-06-10 20:34:42', '2026-06-10 20:34:42'),
(705, 28, 32, 'presente', '2026-06-10 20:34:42', '2026-06-10 20:34:42'),
(706, 28, 8, 'presente', '2026-06-10 20:34:42', '2026-06-10 20:34:42'),
(707, 28, 14, 'presente', '2026-06-10 20:34:42', '2026-06-10 20:34:42'),
(708, 28, 7, 'ausente', '2026-06-10 20:34:42', '2026-06-10 20:34:42'),
(709, 28, 20, 'presente', '2026-06-10 20:34:42', '2026-06-10 20:34:42');
INSERT INTO `attendance_records` (`id`, `session_id`, `aprendiz_id`, `status`, `created_at`, `updated_at`) VALUES
(710, 28, 12, 'presente', '2026-06-10 20:34:42', '2026-06-10 20:34:42'),
(711, 28, 16, 'presente', '2026-06-10 20:34:42', '2026-06-10 20:34:42'),
(712, 28, 11, 'presente', '2026-06-10 20:34:42', '2026-06-10 20:34:42'),
(713, 28, 35, 'presente', '2026-06-10 20:34:42', '2026-06-10 20:34:42'),
(714, 28, 19, 'presente', '2026-06-10 20:34:42', '2026-06-10 20:34:42'),
(715, 29, 21, 'presente', '2026-06-10 20:38:02', '2026-06-10 20:38:02'),
(716, 29, 23, 'presente', '2026-06-10 20:38:02', '2026-06-10 20:38:02'),
(717, 29, 33, 'presente', '2026-06-10 20:38:02', '2026-06-10 20:38:02'),
(718, 29, 13, 'presente', '2026-06-10 20:38:02', '2026-06-10 20:38:02'),
(719, 29, 15, 'presente', '2026-06-10 20:38:02', '2026-06-10 20:38:02'),
(720, 29, 38, 'presente', '2026-06-10 20:38:02', '2026-06-10 20:38:02'),
(721, 29, 17, 'presente', '2026-06-10 20:38:02', '2026-06-10 20:38:02'),
(722, 29, 37, 'presente', '2026-06-10 20:38:02', '2026-06-10 20:38:02'),
(723, 29, 22, 'ausente', '2026-06-10 20:38:02', '2026-06-10 20:38:02'),
(724, 29, 31, 'presente', '2026-06-10 20:38:02', '2026-06-10 20:38:02'),
(725, 29, 27, 'presente', '2026-06-10 20:38:02', '2026-06-10 20:38:02'),
(726, 29, 28, 'presente', '2026-06-10 20:38:02', '2026-06-10 20:38:02'),
(727, 29, 25, 'presente', '2026-06-10 20:38:02', '2026-06-10 20:38:02'),
(728, 29, 29, 'presente', '2026-06-10 20:38:02', '2026-06-10 20:38:02'),
(729, 29, 30, 'presente', '2026-06-10 20:38:02', '2026-06-10 20:38:02'),
(730, 29, 9, 'presente', '2026-06-10 20:38:02', '2026-06-10 20:38:02'),
(731, 29, 10, 'presente', '2026-06-10 20:38:02', '2026-06-10 20:38:02'),
(732, 29, 18, 'ausente', '2026-06-10 20:38:02', '2026-06-10 20:38:02'),
(733, 29, 26, 'presente', '2026-06-10 20:38:02', '2026-06-10 20:38:02'),
(734, 29, 34, 'presente', '2026-06-10 20:38:02', '2026-06-10 20:38:02'),
(735, 29, 24, 'presente', '2026-06-10 20:38:02', '2026-06-10 20:38:02'),
(736, 29, 36, 'ausente', '2026-06-10 20:38:02', '2026-06-10 20:38:02'),
(737, 29, 32, 'presente', '2026-06-10 20:38:02', '2026-06-10 20:38:02'),
(738, 29, 8, 'presente', '2026-06-10 20:38:02', '2026-06-10 20:38:02'),
(739, 29, 14, 'presente', '2026-06-10 20:38:02', '2026-06-10 20:38:02'),
(740, 29, 7, 'ausente', '2026-06-10 20:38:02', '2026-06-10 20:38:02'),
(741, 29, 20, 'presente', '2026-06-10 20:38:02', '2026-06-10 20:38:02'),
(742, 29, 12, 'ausente', '2026-06-10 20:38:02', '2026-06-10 20:38:02'),
(743, 29, 16, 'presente', '2026-06-10 20:38:02', '2026-06-10 20:38:02'),
(744, 29, 11, 'presente', '2026-06-10 20:38:02', '2026-06-10 20:38:02'),
(745, 29, 35, 'presente', '2026-06-10 20:38:02', '2026-06-10 20:38:02'),
(746, 29, 19, 'ausente', '2026-06-10 20:38:02', '2026-06-10 20:38:02'),
(747, 30, 21, 'presente', '2026-06-10 20:38:33', '2026-06-10 20:38:33'),
(748, 30, 23, 'presente', '2026-06-10 20:38:33', '2026-06-10 20:38:33'),
(749, 30, 33, 'presente', '2026-06-10 20:38:33', '2026-06-10 20:38:33'),
(750, 30, 13, 'presente', '2026-06-10 20:38:33', '2026-06-10 20:38:33'),
(751, 30, 15, 'presente', '2026-06-10 20:38:33', '2026-06-10 20:38:33'),
(752, 30, 38, 'presente', '2026-06-10 20:38:33', '2026-06-10 20:38:33'),
(753, 30, 17, 'presente', '2026-06-10 20:38:33', '2026-06-10 20:38:33'),
(754, 30, 37, 'presente', '2026-06-10 20:38:33', '2026-06-10 20:38:33'),
(755, 30, 22, 'presente', '2026-06-10 20:38:33', '2026-06-10 20:38:33'),
(756, 30, 31, 'presente', '2026-06-10 20:38:33', '2026-06-10 20:38:33'),
(757, 30, 27, 'presente', '2026-06-10 20:38:33', '2026-06-10 20:38:33'),
(758, 30, 28, 'presente', '2026-06-10 20:38:33', '2026-06-10 20:38:33'),
(759, 30, 25, 'presente', '2026-06-10 20:38:33', '2026-06-10 20:38:33'),
(760, 30, 29, 'presente', '2026-06-10 20:38:33', '2026-06-10 20:38:33'),
(761, 30, 30, 'presente', '2026-06-10 20:38:33', '2026-06-10 20:38:33'),
(762, 30, 9, 'presente', '2026-06-10 20:38:33', '2026-06-10 20:38:33'),
(763, 30, 10, 'presente', '2026-06-10 20:38:33', '2026-06-10 20:38:33'),
(764, 30, 18, 'presente', '2026-06-10 20:38:34', '2026-06-10 20:38:34'),
(765, 30, 26, 'presente', '2026-06-10 20:38:34', '2026-06-10 20:38:34'),
(766, 30, 34, 'presente', '2026-06-10 20:38:34', '2026-06-10 20:38:34'),
(767, 30, 24, 'presente', '2026-06-10 20:38:34', '2026-06-10 20:38:34'),
(768, 30, 36, 'presente', '2026-06-10 20:38:34', '2026-06-10 20:38:34'),
(769, 30, 32, 'presente', '2026-06-10 20:38:34', '2026-06-10 20:38:34'),
(770, 30, 8, 'presente', '2026-06-10 20:38:34', '2026-06-10 20:38:34'),
(771, 30, 14, 'presente', '2026-06-10 20:38:34', '2026-06-10 20:38:34'),
(772, 30, 7, 'presente', '2026-06-10 20:38:34', '2026-06-10 20:38:34'),
(773, 30, 20, 'presente', '2026-06-10 20:38:34', '2026-06-10 20:38:34'),
(774, 30, 12, 'presente', '2026-06-10 20:38:34', '2026-06-10 20:38:34'),
(775, 30, 16, 'presente', '2026-06-10 20:38:34', '2026-06-10 20:38:34'),
(776, 30, 11, 'presente', '2026-06-10 20:38:34', '2026-06-10 20:38:34'),
(777, 30, 35, 'presente', '2026-06-10 20:38:34', '2026-06-10 20:38:34'),
(778, 30, 19, 'presente', '2026-06-10 20:38:34', '2026-06-10 20:38:34'),
(779, 31, 21, 'ausente', '2026-06-10 20:39:59', '2026-06-10 20:39:59'),
(780, 31, 23, 'ausente', '2026-06-10 20:39:59', '2026-06-10 20:39:59'),
(781, 31, 33, 'presente', '2026-06-10 20:39:59', '2026-06-10 20:39:59'),
(782, 31, 13, 'presente', '2026-06-10 20:39:59', '2026-06-10 20:39:59'),
(783, 31, 15, 'presente', '2026-06-10 20:39:59', '2026-06-10 20:39:59'),
(784, 31, 38, 'presente', '2026-06-10 20:39:59', '2026-06-10 20:39:59'),
(785, 31, 17, 'presente', '2026-06-10 20:39:59', '2026-06-10 20:39:59'),
(786, 31, 37, 'presente', '2026-06-10 20:39:59', '2026-06-10 20:39:59'),
(787, 31, 22, 'presente', '2026-06-10 20:39:59', '2026-06-10 20:39:59'),
(788, 31, 31, 'presente', '2026-06-10 20:40:00', '2026-06-10 20:40:00'),
(789, 31, 27, 'presente', '2026-06-10 20:40:00', '2026-06-10 20:40:00'),
(790, 31, 28, 'presente', '2026-06-10 20:40:00', '2026-06-10 20:40:00'),
(791, 31, 25, 'presente', '2026-06-10 20:40:00', '2026-06-10 20:40:00'),
(792, 31, 29, 'presente', '2026-06-10 20:40:00', '2026-06-10 20:40:00'),
(793, 31, 30, 'presente', '2026-06-10 20:40:00', '2026-06-10 20:40:00'),
(794, 31, 9, 'presente', '2026-06-10 20:40:00', '2026-06-10 20:40:00'),
(795, 31, 10, 'ausente', '2026-06-10 20:40:00', '2026-06-10 20:40:00'),
(796, 31, 18, 'presente', '2026-06-10 20:40:00', '2026-06-10 20:40:00'),
(797, 31, 26, 'presente', '2026-06-10 20:40:00', '2026-06-10 20:40:00'),
(798, 31, 34, 'presente', '2026-06-10 20:40:00', '2026-06-10 20:40:00'),
(799, 31, 24, 'presente', '2026-06-10 20:40:00', '2026-06-10 20:40:00'),
(800, 31, 36, 'ausente', '2026-06-10 20:40:00', '2026-06-10 20:40:00'),
(801, 31, 32, 'presente', '2026-06-10 20:40:00', '2026-06-10 20:40:00'),
(802, 31, 8, 'presente', '2026-06-10 20:40:00', '2026-06-10 20:40:00'),
(803, 31, 14, 'ausente', '2026-06-10 20:40:00', '2026-06-10 20:40:00'),
(804, 31, 7, 'ausente', '2026-06-10 20:40:00', '2026-06-10 20:40:00'),
(805, 31, 20, 'presente', '2026-06-10 20:40:00', '2026-06-10 20:40:00'),
(806, 31, 12, 'presente', '2026-06-10 20:40:00', '2026-06-10 20:40:00'),
(807, 31, 16, 'presente', '2026-06-10 20:40:00', '2026-06-10 20:40:00'),
(808, 31, 11, 'presente', '2026-06-10 20:40:00', '2026-06-10 20:40:00'),
(809, 31, 35, 'presente', '2026-06-10 20:40:00', '2026-06-10 20:40:00'),
(810, 31, 19, 'presente', '2026-06-10 20:40:00', '2026-06-10 20:40:00'),
(811, 32, 21, 'presente', '2026-06-10 20:41:12', '2026-06-10 20:41:12'),
(812, 32, 23, 'presente', '2026-06-10 20:41:12', '2026-06-10 20:41:12'),
(813, 32, 33, 'presente', '2026-06-10 20:41:12', '2026-06-10 20:41:12'),
(814, 32, 13, 'presente', '2026-06-10 20:41:12', '2026-06-10 20:41:12'),
(815, 32, 15, 'ausente', '2026-06-10 20:41:12', '2026-06-10 20:41:12'),
(816, 32, 38, 'presente', '2026-06-10 20:41:12', '2026-06-10 20:41:12'),
(817, 32, 17, 'presente', '2026-06-10 20:41:12', '2026-06-10 20:41:12'),
(818, 32, 37, 'presente', '2026-06-10 20:41:12', '2026-06-10 20:41:12'),
(819, 32, 22, 'presente', '2026-06-10 20:41:12', '2026-06-10 20:41:12'),
(820, 32, 31, 'presente', '2026-06-10 20:41:12', '2026-06-10 20:41:12'),
(821, 32, 27, 'presente', '2026-06-10 20:41:12', '2026-06-10 20:41:12'),
(822, 32, 28, 'presente', '2026-06-10 20:41:12', '2026-06-10 20:41:12'),
(823, 32, 25, 'presente', '2026-06-10 20:41:12', '2026-06-10 20:41:12'),
(824, 32, 29, 'presente', '2026-06-10 20:41:12', '2026-06-10 20:41:12'),
(825, 32, 30, 'presente', '2026-06-10 20:41:12', '2026-06-10 20:41:12'),
(826, 32, 9, 'presente', '2026-06-10 20:41:12', '2026-06-10 20:41:12'),
(827, 32, 10, 'presente', '2026-06-10 20:41:12', '2026-06-10 20:41:12'),
(828, 32, 18, 'presente', '2026-06-10 20:41:12', '2026-06-10 20:41:12'),
(829, 32, 26, 'presente', '2026-06-10 20:41:12', '2026-06-10 20:41:12'),
(830, 32, 34, 'presente', '2026-06-10 20:41:12', '2026-06-10 20:41:12'),
(831, 32, 24, 'presente', '2026-06-10 20:41:12', '2026-06-10 20:41:12'),
(832, 32, 36, 'ausente', '2026-06-10 20:41:12', '2026-06-10 20:41:12'),
(833, 32, 32, 'presente', '2026-06-10 20:41:12', '2026-06-10 20:41:12'),
(834, 32, 8, 'presente', '2026-06-10 20:41:12', '2026-06-10 20:41:12'),
(835, 32, 14, 'presente', '2026-06-10 20:41:12', '2026-06-10 20:41:12'),
(836, 32, 7, 'ausente', '2026-06-10 20:41:12', '2026-06-10 20:41:12'),
(837, 32, 20, 'presente', '2026-06-10 20:41:12', '2026-06-10 20:41:12'),
(838, 32, 12, 'presente', '2026-06-10 20:41:12', '2026-06-10 20:41:12'),
(839, 32, 16, 'presente', '2026-06-10 20:41:12', '2026-06-10 20:41:12'),
(840, 32, 11, 'presente', '2026-06-10 20:41:12', '2026-06-10 20:41:12'),
(841, 32, 35, 'presente', '2026-06-10 20:41:12', '2026-06-10 20:41:12'),
(842, 32, 19, 'presente', '2026-06-10 20:41:12', '2026-06-10 20:41:12'),
(843, 33, 21, 'presente', '2026-06-10 20:42:39', '2026-06-10 20:42:39'),
(844, 33, 23, 'presente', '2026-06-10 20:42:39', '2026-06-10 20:42:39'),
(845, 33, 33, 'presente', '2026-06-10 20:42:39', '2026-06-10 20:42:39'),
(846, 33, 13, 'presente', '2026-06-10 20:42:39', '2026-06-10 20:42:39'),
(847, 33, 15, 'presente', '2026-06-10 20:42:39', '2026-06-10 20:42:39'),
(848, 33, 38, 'ausente', '2026-06-10 20:42:39', '2026-06-10 20:42:39'),
(849, 33, 17, 'presente', '2026-06-10 20:42:39', '2026-06-10 20:42:39'),
(850, 33, 37, 'ausente', '2026-06-10 20:42:39', '2026-06-10 20:42:39'),
(851, 33, 22, 'presente', '2026-06-10 20:42:39', '2026-06-10 20:42:39'),
(852, 33, 31, 'presente', '2026-06-10 20:42:39', '2026-06-10 20:42:39'),
(853, 33, 27, 'presente', '2026-06-10 20:42:39', '2026-06-10 20:42:39'),
(854, 33, 28, 'presente', '2026-06-10 20:42:39', '2026-06-10 20:42:39'),
(855, 33, 25, 'presente', '2026-06-10 20:42:39', '2026-06-10 20:42:39'),
(856, 33, 29, 'presente', '2026-06-10 20:42:39', '2026-06-10 20:42:39'),
(857, 33, 30, 'presente', '2026-06-10 20:42:39', '2026-06-10 20:42:39'),
(858, 33, 9, 'presente', '2026-06-10 20:42:39', '2026-06-10 20:42:39'),
(859, 33, 10, 'presente', '2026-06-10 20:42:39', '2026-06-10 20:42:39'),
(860, 33, 18, 'presente', '2026-06-10 20:42:39', '2026-06-10 20:42:39'),
(861, 33, 26, 'presente', '2026-06-10 20:42:39', '2026-06-10 20:42:39'),
(862, 33, 34, 'presente', '2026-06-10 20:42:39', '2026-06-10 20:42:39'),
(863, 33, 24, 'presente', '2026-06-10 20:42:39', '2026-06-10 20:42:39'),
(864, 33, 36, 'presente', '2026-06-10 20:42:39', '2026-06-10 20:42:39'),
(865, 33, 32, 'presente', '2026-06-10 20:42:39', '2026-06-10 20:42:39'),
(866, 33, 8, 'presente', '2026-06-10 20:42:39', '2026-06-10 20:42:39'),
(867, 33, 14, 'presente', '2026-06-10 20:42:39', '2026-06-10 20:42:39'),
(868, 33, 7, 'presente', '2026-06-10 20:42:39', '2026-06-10 20:42:39'),
(869, 33, 20, 'ausente', '2026-06-10 20:42:39', '2026-06-10 20:42:39'),
(870, 33, 12, 'excusa', '2026-06-10 20:42:39', '2026-06-10 20:42:39'),
(871, 33, 16, 'presente', '2026-06-10 20:42:39', '2026-06-10 20:42:39'),
(872, 33, 11, 'presente', '2026-06-10 20:42:39', '2026-06-10 20:42:39'),
(873, 33, 35, 'ausente', '2026-06-10 20:42:39', '2026-06-10 20:42:39'),
(874, 33, 19, 'presente', '2026-06-10 20:42:39', '2026-06-10 20:42:39'),
(875, 34, 21, 'ausente', '2026-06-10 20:43:19', '2026-06-10 20:43:19'),
(876, 34, 23, 'presente', '2026-06-10 20:43:19', '2026-06-10 20:43:19'),
(877, 34, 33, 'presente', '2026-06-10 20:43:19', '2026-06-10 20:43:19'),
(878, 34, 13, 'presente', '2026-06-10 20:43:19', '2026-06-10 20:43:19'),
(879, 34, 15, 'excusa', '2026-06-10 20:43:19', '2026-06-10 20:43:19'),
(880, 34, 38, 'presente', '2026-06-10 20:43:19', '2026-06-10 20:43:19'),
(881, 34, 17, 'presente', '2026-06-10 20:43:19', '2026-06-10 20:43:19'),
(882, 34, 37, 'presente', '2026-06-10 20:43:19', '2026-06-10 20:43:19'),
(883, 34, 22, 'presente', '2026-06-10 20:43:19', '2026-06-10 20:43:19'),
(884, 34, 31, 'presente', '2026-06-10 20:43:19', '2026-06-10 20:43:19'),
(885, 34, 27, 'presente', '2026-06-10 20:43:19', '2026-06-10 20:43:19'),
(886, 34, 28, 'presente', '2026-06-10 20:43:19', '2026-06-10 20:43:19'),
(887, 34, 25, 'presente', '2026-06-10 20:43:19', '2026-06-10 20:43:19'),
(888, 34, 29, 'presente', '2026-06-10 20:43:19', '2026-06-10 20:43:19'),
(889, 34, 30, 'presente', '2026-06-10 20:43:19', '2026-06-10 20:43:19'),
(890, 34, 9, 'presente', '2026-06-10 20:43:19', '2026-06-10 20:43:19'),
(891, 34, 10, 'presente', '2026-06-10 20:43:19', '2026-06-10 20:43:19'),
(892, 34, 18, 'presente', '2026-06-10 20:43:19', '2026-06-10 20:43:19'),
(893, 34, 26, 'presente', '2026-06-10 20:43:19', '2026-06-10 20:43:19'),
(894, 34, 34, 'presente', '2026-06-10 20:43:19', '2026-06-10 20:43:19'),
(895, 34, 24, 'presente', '2026-06-10 20:43:19', '2026-06-10 20:43:19'),
(896, 34, 36, 'presente', '2026-06-10 20:43:20', '2026-06-10 20:43:20'),
(897, 34, 32, 'presente', '2026-06-10 20:43:20', '2026-06-10 20:43:20'),
(898, 34, 8, 'presente', '2026-06-10 20:43:20', '2026-06-10 20:43:20'),
(899, 34, 14, 'presente', '2026-06-10 20:43:20', '2026-06-10 20:43:20'),
(900, 34, 7, 'presente', '2026-06-10 20:43:20', '2026-06-10 20:43:20'),
(901, 34, 20, 'presente', '2026-06-10 20:43:20', '2026-06-10 20:43:20'),
(902, 34, 12, 'presente', '2026-06-10 20:43:20', '2026-06-10 20:43:20'),
(903, 34, 16, 'presente', '2026-06-10 20:43:20', '2026-06-10 20:43:20'),
(904, 34, 11, 'presente', '2026-06-10 20:43:20', '2026-06-10 20:43:20'),
(905, 34, 35, 'presente', '2026-06-10 20:43:20', '2026-06-10 20:43:20'),
(906, 34, 19, 'presente', '2026-06-10 20:43:20', '2026-06-10 20:43:20'),
(907, 35, 21, 'presente', '2026-06-10 20:44:24', '2026-06-10 20:44:24'),
(908, 35, 23, 'presente', '2026-06-10 20:44:24', '2026-06-10 20:44:24'),
(909, 35, 33, 'presente', '2026-06-10 20:44:24', '2026-06-10 20:44:24'),
(910, 35, 13, 'presente', '2026-06-10 20:44:24', '2026-06-10 20:44:24'),
(911, 35, 15, 'presente', '2026-06-10 20:44:24', '2026-06-10 20:44:24'),
(912, 35, 38, 'presente', '2026-06-10 20:44:24', '2026-06-10 20:44:24'),
(913, 35, 17, 'presente', '2026-06-10 20:44:24', '2026-06-10 20:44:24'),
(914, 35, 37, 'presente', '2026-06-10 20:44:24', '2026-06-10 20:44:24'),
(915, 35, 22, 'presente', '2026-06-10 20:44:24', '2026-06-10 20:44:24'),
(916, 35, 31, 'presente', '2026-06-10 20:44:24', '2026-06-10 20:44:24'),
(917, 35, 27, 'presente', '2026-06-10 20:44:24', '2026-06-10 20:44:24'),
(918, 35, 28, 'presente', '2026-06-10 20:44:24', '2026-06-10 20:44:24'),
(919, 35, 25, 'presente', '2026-06-10 20:44:24', '2026-06-10 20:44:24'),
(920, 35, 29, 'presente', '2026-06-10 20:44:24', '2026-06-10 20:44:24'),
(921, 35, 30, 'presente', '2026-06-10 20:44:24', '2026-06-10 20:44:24'),
(922, 35, 9, 'presente', '2026-06-10 20:44:24', '2026-06-10 20:44:24'),
(923, 35, 10, 'presente', '2026-06-10 20:44:24', '2026-06-10 20:44:24'),
(924, 35, 18, 'presente', '2026-06-10 20:44:24', '2026-06-10 20:44:24'),
(925, 35, 26, 'presente', '2026-06-10 20:44:24', '2026-06-10 20:44:24'),
(926, 35, 34, 'presente', '2026-06-10 20:44:24', '2026-06-10 20:44:24'),
(927, 35, 24, 'presente', '2026-06-10 20:44:24', '2026-06-10 20:44:24'),
(928, 35, 36, 'ausente', '2026-06-10 20:44:24', '2026-06-10 20:44:24'),
(929, 35, 32, 'presente', '2026-06-10 20:44:24', '2026-06-10 20:44:24'),
(930, 35, 8, 'presente', '2026-06-10 20:44:24', '2026-06-10 20:44:24'),
(931, 35, 14, 'ausente', '2026-06-10 20:44:24', '2026-06-10 20:44:24'),
(932, 35, 7, 'excusa', '2026-06-10 20:44:24', '2026-06-10 20:44:24'),
(933, 35, 20, 'ausente', '2026-06-10 20:44:24', '2026-06-10 20:44:24'),
(934, 35, 12, 'presente', '2026-06-10 20:44:24', '2026-06-10 20:44:24'),
(935, 35, 16, 'presente', '2026-06-10 20:44:24', '2026-06-10 20:44:24'),
(936, 35, 11, 'presente', '2026-06-10 20:44:24', '2026-06-10 20:44:24'),
(937, 35, 35, 'ausente', '2026-06-10 20:44:24', '2026-06-10 20:44:24'),
(938, 35, 19, 'presente', '2026-06-10 20:44:24', '2026-06-10 20:44:24'),
(939, 36, 92, 'presente', '2026-06-10 23:30:25', '2026-06-10 23:30:25'),
(940, 36, 99, 'presente', '2026-06-10 23:30:25', '2026-06-10 23:30:25'),
(941, 36, 104, 'presente', '2026-06-10 23:30:25', '2026-06-10 23:30:25'),
(942, 36, 105, 'presente', '2026-06-10 23:30:25', '2026-06-10 23:30:25'),
(943, 36, 102, 'presente', '2026-06-10 23:30:25', '2026-06-10 23:30:25'),
(944, 36, 91, 'presente', '2026-06-10 23:30:25', '2026-06-10 23:30:25'),
(945, 36, 100, 'presente', '2026-06-10 23:30:25', '2026-06-10 23:30:25'),
(946, 36, 98, 'presente', '2026-06-10 23:30:25', '2026-06-10 23:30:25'),
(947, 36, 103, 'presente', '2026-06-10 23:30:25', '2026-06-10 23:30:25'),
(948, 36, 96, 'presente', '2026-06-10 23:30:25', '2026-06-10 23:30:25'),
(949, 36, 94, 'presente', '2026-06-10 23:30:25', '2026-06-10 23:30:25'),
(950, 36, 106, 'presente', '2026-06-10 23:30:25', '2026-06-10 23:30:25'),
(951, 36, 95, 'presente', '2026-06-10 23:30:25', '2026-06-10 23:30:25'),
(952, 36, 88, 'presente', '2026-06-10 23:30:25', '2026-06-10 23:30:25'),
(953, 36, 93, 'presente', '2026-06-10 23:30:25', '2026-06-10 23:30:25'),
(954, 36, 90, 'presente', '2026-06-10 23:30:25', '2026-06-10 23:30:25'),
(955, 36, 97, 'presente', '2026-06-10 23:30:25', '2026-06-10 23:30:25'),
(956, 36, 89, 'presente', '2026-06-10 23:30:25', '2026-06-10 23:30:25'),
(957, 36, 101, 'presente', '2026-06-10 23:30:25', '2026-06-10 23:30:25'),
(958, 36, 87, 'presente', '2026-06-10 23:30:25', '2026-06-10 23:30:25'),
(959, 37, 117, 'excusa', '2026-06-12 00:19:51', '2026-06-12 00:19:51'),
(960, 37, 114, 'presente', '2026-06-12 00:19:51', '2026-06-12 00:19:51'),
(961, 37, 126, 'presente', '2026-06-12 00:19:51', '2026-06-12 00:19:51'),
(962, 37, 127, 'ausente', '2026-06-12 00:19:51', '2026-06-12 00:19:51'),
(963, 37, 116, 'presente', '2026-06-12 00:19:51', '2026-06-12 01:06:14'),
(964, 37, 107, 'presente', '2026-06-12 00:19:51', '2026-06-12 00:19:51'),
(965, 37, 128, 'presente', '2026-06-12 00:19:51', '2026-06-12 00:19:51'),
(966, 37, 124, 'presente', '2026-06-12 00:19:51', '2026-06-12 00:19:51'),
(967, 37, 119, 'presente', '2026-06-12 00:19:51', '2026-06-12 00:19:51'),
(968, 37, 113, 'presente', '2026-06-12 00:19:51', '2026-06-12 00:40:17'),
(969, 37, 110, 'presente', '2026-06-12 00:19:51', '2026-06-12 00:19:51'),
(970, 37, 121, 'presente', '2026-06-12 00:19:51', '2026-06-12 00:19:51'),
(971, 37, 129, 'presente', '2026-06-12 00:19:51', '2026-06-12 00:19:51'),
(972, 37, 109, 'presente', '2026-06-12 00:19:51', '2026-06-12 00:19:51'),
(973, 37, 123, 'presente', '2026-06-12 00:19:51', '2026-06-12 00:19:51'),
(974, 37, 118, 'excusa', '2026-06-12 00:19:51', '2026-06-12 00:19:51'),
(975, 37, 115, 'presente', '2026-06-12 00:19:51', '2026-06-12 00:19:51'),
(976, 37, 108, 'presente', '2026-06-12 00:19:51', '2026-06-12 00:19:51'),
(977, 37, 111, 'excusa', '2026-06-12 00:19:51', '2026-06-12 00:19:51'),
(978, 37, 122, 'presente', '2026-06-12 00:19:51', '2026-06-12 00:19:51'),
(979, 37, 112, 'presente', '2026-06-12 00:19:51', '2026-06-12 00:19:51'),
(980, 37, 120, 'presente', '2026-06-12 00:19:51', '2026-06-12 00:19:51'),
(981, 37, 125, 'presente', '2026-06-12 00:19:51', '2026-06-12 00:19:51'),
(982, 37, 130, 'presente', '2026-06-12 00:19:51', '2026-06-12 01:48:57'),
(983, 37, 131, 'presente', '2026-06-12 00:19:51', '2026-06-12 00:19:51'),
(984, 38, 117, 'presente', '2026-06-12 00:20:51', '2026-06-12 00:20:51'),
(985, 38, 114, 'presente', '2026-06-12 00:20:51', '2026-06-12 00:20:51'),
(986, 38, 126, 'presente', '2026-06-12 00:20:51', '2026-06-12 00:20:51'),
(987, 38, 127, 'presente', '2026-06-12 00:20:51', '2026-06-12 00:20:51'),
(988, 38, 116, 'presente', '2026-06-12 00:20:51', '2026-06-12 00:20:51'),
(989, 38, 107, 'presente', '2026-06-12 00:20:51', '2026-06-12 00:20:51'),
(990, 38, 128, 'presente', '2026-06-12 00:20:51', '2026-06-12 00:20:51'),
(991, 38, 124, 'presente', '2026-06-12 00:20:51', '2026-06-12 00:20:51'),
(992, 38, 119, 'presente', '2026-06-12 00:20:51', '2026-06-12 00:20:51'),
(993, 38, 113, 'presente', '2026-06-12 00:20:51', '2026-06-12 00:20:51'),
(994, 38, 110, 'presente', '2026-06-12 00:20:51', '2026-06-12 00:20:51'),
(995, 38, 121, 'presente', '2026-06-12 00:20:51', '2026-06-12 00:20:51'),
(996, 38, 129, 'presente', '2026-06-12 00:20:51', '2026-06-12 00:20:51'),
(997, 38, 109, 'presente', '2026-06-12 00:20:51', '2026-06-12 00:20:51'),
(998, 38, 123, 'presente', '2026-06-12 00:20:51', '2026-06-12 00:20:51'),
(999, 38, 118, 'presente', '2026-06-12 00:20:51', '2026-06-12 00:20:51'),
(1000, 38, 115, 'presente', '2026-06-12 00:20:51', '2026-06-12 00:20:51'),
(1001, 38, 108, 'presente', '2026-06-12 00:20:51', '2026-06-12 00:20:51'),
(1002, 38, 111, 'presente', '2026-06-12 00:20:51', '2026-06-12 00:20:51'),
(1003, 38, 122, 'presente', '2026-06-12 00:20:51', '2026-06-12 00:20:51'),
(1004, 38, 112, 'presente', '2026-06-12 00:20:51', '2026-06-12 00:20:51'),
(1005, 38, 120, 'presente', '2026-06-12 00:20:51', '2026-06-12 00:20:51'),
(1006, 38, 125, 'presente', '2026-06-12 00:20:51', '2026-06-12 00:20:51'),
(1007, 38, 130, 'presente', '2026-06-12 00:20:51', '2026-06-12 00:20:51'),
(1008, 38, 131, 'presente', '2026-06-12 00:20:51', '2026-06-12 00:20:51'),
(1009, 39, 117, 'presente', '2026-06-12 00:22:58', '2026-06-12 00:22:58'),
(1010, 39, 114, 'presente', '2026-06-12 00:22:58', '2026-06-12 00:22:58'),
(1011, 39, 126, 'presente', '2026-06-12 00:22:58', '2026-06-12 00:22:58'),
(1012, 39, 127, 'presente', '2026-06-12 00:22:58', '2026-06-12 00:22:58'),
(1013, 39, 116, 'presente', '2026-06-12 00:22:58', '2026-06-12 00:22:58'),
(1014, 39, 107, 'ausente', '2026-06-12 00:22:58', '2026-06-12 00:22:58'),
(1015, 39, 128, 'presente', '2026-06-12 00:22:58', '2026-06-12 00:22:58'),
(1016, 39, 124, 'presente', '2026-06-12 00:22:58', '2026-06-12 00:22:58'),
(1017, 39, 119, 'presente', '2026-06-12 00:22:58', '2026-06-12 00:22:58'),
(1018, 39, 113, 'ausente', '2026-06-12 00:22:58', '2026-06-12 00:22:58'),
(1019, 39, 110, 'presente', '2026-06-12 00:22:58', '2026-06-12 00:22:58'),
(1020, 39, 121, 'presente', '2026-06-12 00:22:58', '2026-06-12 00:22:58'),
(1021, 39, 129, 'presente', '2026-06-12 00:22:58', '2026-06-12 00:22:58'),
(1022, 39, 109, 'presente', '2026-06-12 00:22:58', '2026-06-12 00:22:58'),
(1023, 39, 123, 'presente', '2026-06-12 00:22:58', '2026-06-12 00:22:58'),
(1024, 39, 118, 'presente', '2026-06-12 00:22:58', '2026-06-12 00:22:58'),
(1025, 39, 115, 'presente', '2026-06-12 00:22:58', '2026-06-12 00:22:58'),
(1026, 39, 108, 'ausente', '2026-06-12 00:22:58', '2026-06-12 00:22:58'),
(1027, 39, 111, 'presente', '2026-06-12 00:22:58', '2026-06-12 00:22:58'),
(1028, 39, 122, 'presente', '2026-06-12 00:22:58', '2026-06-12 00:22:58'),
(1029, 39, 112, 'presente', '2026-06-12 00:22:58', '2026-06-12 00:22:58'),
(1030, 39, 120, 'presente', '2026-06-12 00:22:58', '2026-06-12 00:22:58'),
(1031, 39, 125, 'presente', '2026-06-12 00:22:58', '2026-06-12 00:22:58'),
(1032, 39, 130, 'presente', '2026-06-12 00:22:58', '2026-06-12 00:22:58'),
(1033, 39, 131, 'presente', '2026-06-12 00:22:58', '2026-06-12 00:22:58'),
(1034, 40, 117, 'presente', '2026-06-12 00:23:59', '2026-06-12 00:23:59'),
(1035, 40, 114, 'presente', '2026-06-12 00:23:59', '2026-06-12 00:23:59'),
(1036, 40, 126, 'ausente', '2026-06-12 00:23:59', '2026-06-12 00:23:59'),
(1037, 40, 127, 'presente', '2026-06-12 00:23:59', '2026-06-12 00:23:59'),
(1038, 40, 116, 'presente', '2026-06-12 00:23:59', '2026-06-12 00:23:59'),
(1039, 40, 107, 'presente', '2026-06-12 00:23:59', '2026-06-12 00:23:59'),
(1040, 40, 128, 'presente', '2026-06-12 00:23:59', '2026-06-12 00:23:59'),
(1041, 40, 124, 'presente', '2026-06-12 00:23:59', '2026-06-12 00:23:59'),
(1042, 40, 119, 'presente', '2026-06-12 00:23:59', '2026-06-12 00:23:59'),
(1043, 40, 113, 'presente', '2026-06-12 00:23:59', '2026-06-12 00:23:59'),
(1044, 40, 110, 'presente', '2026-06-12 00:23:59', '2026-06-12 00:23:59'),
(1045, 40, 121, 'presente', '2026-06-12 00:23:59', '2026-06-12 00:23:59'),
(1046, 40, 129, 'presente', '2026-06-12 00:23:59', '2026-06-12 00:23:59'),
(1047, 40, 109, 'presente', '2026-06-12 00:23:59', '2026-06-12 00:23:59'),
(1048, 40, 123, 'presente', '2026-06-12 00:23:59', '2026-06-12 00:23:59'),
(1049, 40, 118, 'presente', '2026-06-12 00:23:59', '2026-06-12 00:23:59'),
(1050, 40, 115, 'ausente', '2026-06-12 00:23:59', '2026-06-12 00:23:59'),
(1051, 40, 108, 'presente', '2026-06-12 00:23:59', '2026-06-12 00:23:59'),
(1052, 40, 111, 'presente', '2026-06-12 00:23:59', '2026-06-12 00:23:59'),
(1053, 40, 122, 'ausente', '2026-06-12 00:23:59', '2026-06-12 00:23:59'),
(1054, 40, 112, 'presente', '2026-06-12 00:23:59', '2026-06-12 00:23:59'),
(1055, 40, 120, 'presente', '2026-06-12 00:23:59', '2026-06-12 00:23:59'),
(1056, 40, 125, 'presente', '2026-06-12 00:23:59', '2026-06-12 00:23:59'),
(1057, 40, 130, 'presente', '2026-06-12 00:23:59', '2026-06-12 00:23:59'),
(1058, 40, 131, 'presente', '2026-06-12 00:23:59', '2026-06-12 00:23:59'),
(1059, 41, 117, 'excusa', '2026-06-12 00:26:06', '2026-06-12 00:26:06'),
(1060, 41, 114, 'presente', '2026-06-12 00:26:06', '2026-06-12 00:26:06'),
(1061, 41, 126, 'presente', '2026-06-12 00:26:06', '2026-06-12 00:26:06'),
(1062, 41, 127, 'presente', '2026-06-12 00:26:06', '2026-06-12 00:26:06'),
(1063, 41, 116, 'presente', '2026-06-12 00:26:06', '2026-06-12 00:26:06'),
(1064, 41, 107, 'presente', '2026-06-12 00:26:06', '2026-06-12 00:26:06'),
(1065, 41, 128, 'presente', '2026-06-12 00:26:06', '2026-06-12 00:26:06'),
(1066, 41, 124, 'presente', '2026-06-12 00:26:06', '2026-06-12 00:26:06'),
(1067, 41, 119, 'presente', '2026-06-12 00:26:06', '2026-06-12 00:26:06'),
(1068, 41, 113, 'presente', '2026-06-12 00:26:06', '2026-06-12 00:26:06'),
(1069, 41, 110, 'presente', '2026-06-12 00:26:06', '2026-06-12 00:26:06'),
(1070, 41, 121, 'excusa', '2026-06-12 00:26:06', '2026-06-12 00:26:06'),
(1071, 41, 129, 'excusa', '2026-06-12 00:26:06', '2026-06-12 00:26:06'),
(1072, 41, 109, 'presente', '2026-06-12 00:26:06', '2026-06-12 00:26:06'),
(1073, 41, 123, 'presente', '2026-06-12 00:26:06', '2026-06-12 00:26:06'),
(1074, 41, 118, 'ausente', '2026-06-12 00:26:06', '2026-06-12 00:26:06'),
(1075, 41, 115, 'presente', '2026-06-12 00:26:06', '2026-06-12 00:26:06'),
(1076, 41, 108, 'presente', '2026-06-12 00:26:06', '2026-06-12 00:26:06'),
(1077, 41, 111, 'presente', '2026-06-12 00:26:06', '2026-06-12 00:26:06'),
(1078, 41, 122, 'presente', '2026-06-12 00:26:06', '2026-06-12 00:26:06'),
(1079, 41, 112, 'presente', '2026-06-12 00:26:06', '2026-06-12 00:26:06'),
(1080, 41, 120, 'presente', '2026-06-12 00:26:06', '2026-06-12 00:26:06'),
(1081, 41, 125, 'presente', '2026-06-12 00:26:06', '2026-06-12 00:26:06'),
(1082, 41, 130, 'presente', '2026-06-12 00:26:06', '2026-06-12 00:26:06'),
(1083, 41, 131, 'presente', '2026-06-12 00:26:06', '2026-06-12 00:26:06'),
(1084, 42, 117, 'presente', '2026-06-12 00:26:59', '2026-06-12 00:26:59'),
(1085, 42, 114, 'presente', '2026-06-12 00:26:59', '2026-06-12 00:26:59'),
(1086, 42, 126, 'presente', '2026-06-12 00:26:59', '2026-06-12 00:26:59'),
(1087, 42, 127, 'presente', '2026-06-12 00:26:59', '2026-06-12 00:26:59'),
(1088, 42, 116, 'presente', '2026-06-12 00:26:59', '2026-06-12 00:26:59'),
(1089, 42, 107, 'presente', '2026-06-12 00:26:59', '2026-06-12 00:26:59'),
(1090, 42, 128, 'presente', '2026-06-12 00:26:59', '2026-06-12 00:26:59'),
(1091, 42, 124, 'presente', '2026-06-12 00:26:59', '2026-06-12 00:26:59'),
(1092, 42, 119, 'presente', '2026-06-12 00:26:59', '2026-06-12 00:26:59'),
(1093, 42, 113, 'presente', '2026-06-12 00:26:59', '2026-06-12 00:26:59'),
(1094, 42, 110, 'presente', '2026-06-12 00:26:59', '2026-06-12 00:26:59'),
(1095, 42, 121, 'presente', '2026-06-12 00:26:59', '2026-06-12 00:26:59'),
(1096, 42, 129, 'presente', '2026-06-12 00:26:59', '2026-06-12 00:26:59'),
(1097, 42, 109, 'presente', '2026-06-12 00:26:59', '2026-06-12 00:26:59'),
(1098, 42, 123, 'presente', '2026-06-12 00:26:59', '2026-06-12 00:26:59'),
(1099, 42, 118, 'presente', '2026-06-12 00:26:59', '2026-06-12 00:26:59'),
(1100, 42, 115, 'presente', '2026-06-12 00:26:59', '2026-06-12 00:26:59'),
(1101, 42, 108, 'presente', '2026-06-12 00:26:59', '2026-06-12 00:26:59'),
(1102, 42, 111, 'presente', '2026-06-12 00:26:59', '2026-06-12 00:26:59'),
(1103, 42, 122, 'presente', '2026-06-12 00:26:59', '2026-06-12 00:26:59'),
(1104, 42, 112, 'presente', '2026-06-12 00:26:59', '2026-06-12 00:26:59'),
(1105, 42, 120, 'presente', '2026-06-12 00:26:59', '2026-06-12 00:26:59'),
(1106, 42, 125, 'presente', '2026-06-12 00:26:59', '2026-06-12 00:26:59'),
(1107, 42, 130, 'presente', '2026-06-12 00:26:59', '2026-06-12 00:26:59'),
(1108, 42, 131, 'presente', '2026-06-12 00:26:59', '2026-06-12 00:26:59'),
(1109, 43, 117, 'presente', '2026-06-12 00:27:50', '2026-06-12 00:27:50'),
(1110, 43, 114, 'presente', '2026-06-12 00:27:50', '2026-06-12 00:27:50'),
(1111, 43, 126, 'presente', '2026-06-12 00:27:50', '2026-06-12 00:27:50'),
(1112, 43, 127, 'presente', '2026-06-12 00:27:50', '2026-06-12 00:27:50'),
(1113, 43, 116, 'presente', '2026-06-12 00:27:50', '2026-06-12 00:27:50'),
(1114, 43, 107, 'presente', '2026-06-12 00:27:50', '2026-06-12 00:27:50'),
(1115, 43, 128, 'presente', '2026-06-12 00:27:50', '2026-06-12 00:27:50'),
(1116, 43, 124, 'presente', '2026-06-12 00:27:50', '2026-06-12 00:27:50'),
(1117, 43, 119, 'presente', '2026-06-12 00:27:50', '2026-06-12 00:27:50'),
(1118, 43, 113, 'ausente', '2026-06-12 00:27:50', '2026-06-12 00:27:50'),
(1119, 43, 110, 'presente', '2026-06-12 00:27:50', '2026-06-12 00:27:50'),
(1120, 43, 121, 'presente', '2026-06-12 00:27:50', '2026-06-12 00:27:50'),
(1121, 43, 129, 'presente', '2026-06-12 00:27:50', '2026-06-12 00:27:50'),
(1122, 43, 109, 'presente', '2026-06-12 00:27:50', '2026-06-12 00:27:50'),
(1123, 43, 123, 'presente', '2026-06-12 00:27:50', '2026-06-12 00:27:50'),
(1124, 43, 118, 'presente', '2026-06-12 00:27:50', '2026-06-12 00:27:50'),
(1125, 43, 115, 'presente', '2026-06-12 00:27:50', '2026-06-12 00:27:50'),
(1126, 43, 108, 'presente', '2026-06-12 00:27:50', '2026-06-12 00:27:50'),
(1127, 43, 111, 'excusa', '2026-06-12 00:27:50', '2026-06-12 00:27:50'),
(1128, 43, 122, 'presente', '2026-06-12 00:27:50', '2026-06-12 00:27:50'),
(1129, 43, 112, 'presente', '2026-06-12 00:27:50', '2026-06-12 00:27:50'),
(1130, 43, 120, 'presente', '2026-06-12 00:27:50', '2026-06-12 00:27:50'),
(1131, 43, 125, 'presente', '2026-06-12 00:27:50', '2026-06-12 00:27:50'),
(1132, 43, 130, 'presente', '2026-06-12 00:27:50', '2026-06-12 00:27:50'),
(1133, 43, 131, 'presente', '2026-06-12 00:27:50', '2026-06-12 00:27:50'),
(1134, 44, 117, 'presente', '2026-06-12 00:28:53', '2026-06-12 00:28:53'),
(1135, 44, 114, 'presente', '2026-06-12 00:28:53', '2026-06-12 00:28:53'),
(1136, 44, 126, 'presente', '2026-06-12 00:28:53', '2026-06-12 00:28:53'),
(1137, 44, 127, 'presente', '2026-06-12 00:28:53', '2026-06-12 00:28:53'),
(1138, 44, 116, 'presente', '2026-06-12 00:28:54', '2026-06-12 00:28:54'),
(1139, 44, 107, 'presente', '2026-06-12 00:28:54', '2026-06-12 00:28:54'),
(1140, 44, 128, 'presente', '2026-06-12 00:28:54', '2026-06-12 00:28:54'),
(1141, 44, 124, 'presente', '2026-06-12 00:28:54', '2026-06-12 00:28:54'),
(1142, 44, 119, 'ausente', '2026-06-12 00:28:54', '2026-06-12 00:28:54'),
(1143, 44, 113, 'ausente', '2026-06-12 00:28:54', '2026-06-12 00:28:54'),
(1144, 44, 110, 'presente', '2026-06-12 00:28:54', '2026-06-12 00:28:54'),
(1145, 44, 121, 'presente', '2026-06-12 00:28:54', '2026-06-12 00:28:54'),
(1146, 44, 129, 'presente', '2026-06-12 00:28:54', '2026-06-12 00:28:54'),
(1147, 44, 109, 'presente', '2026-06-12 00:28:54', '2026-06-12 00:28:54'),
(1148, 44, 123, 'presente', '2026-06-12 00:28:54', '2026-06-12 00:28:54'),
(1149, 44, 118, 'presente', '2026-06-12 00:28:54', '2026-06-12 00:28:54'),
(1150, 44, 115, 'presente', '2026-06-12 00:28:54', '2026-06-12 00:28:54'),
(1151, 44, 108, 'presente', '2026-06-12 00:28:54', '2026-06-12 00:28:54'),
(1152, 44, 111, 'presente', '2026-06-12 00:28:54', '2026-06-12 00:28:54'),
(1153, 44, 122, 'presente', '2026-06-12 00:28:54', '2026-06-12 00:28:54'),
(1154, 44, 112, 'presente', '2026-06-12 00:28:54', '2026-06-12 00:28:54'),
(1155, 44, 120, 'presente', '2026-06-12 00:28:54', '2026-06-12 00:28:54'),
(1156, 44, 125, 'presente', '2026-06-12 00:28:54', '2026-06-12 00:28:54'),
(1157, 44, 130, 'ausente', '2026-06-12 00:28:54', '2026-06-12 00:28:54'),
(1158, 44, 131, 'presente', '2026-06-12 00:28:54', '2026-06-12 00:28:54'),
(1159, 45, 117, 'presente', '2026-06-12 00:30:20', '2026-06-12 00:30:20'),
(1160, 45, 114, 'presente', '2026-06-12 00:30:20', '2026-06-12 00:30:20'),
(1161, 45, 126, 'presente', '2026-06-12 00:30:20', '2026-06-12 00:30:20'),
(1162, 45, 127, 'presente', '2026-06-12 00:30:20', '2026-06-12 00:30:20'),
(1163, 45, 116, 'presente', '2026-06-12 00:30:20', '2026-06-12 00:30:20'),
(1164, 45, 107, 'presente', '2026-06-12 00:30:20', '2026-06-12 00:30:20'),
(1165, 45, 128, 'presente', '2026-06-12 00:30:20', '2026-06-12 00:30:20'),
(1166, 45, 124, 'presente', '2026-06-12 00:30:20', '2026-06-12 00:30:20'),
(1167, 45, 119, 'presente', '2026-06-12 00:30:20', '2026-06-12 00:30:20'),
(1168, 45, 113, 'ausente', '2026-06-12 00:30:20', '2026-06-12 00:30:20'),
(1169, 45, 110, 'presente', '2026-06-12 00:30:20', '2026-06-12 00:30:20'),
(1170, 45, 121, 'presente', '2026-06-12 00:30:20', '2026-06-12 00:30:20'),
(1171, 45, 129, 'presente', '2026-06-12 00:30:20', '2026-06-12 00:30:20'),
(1172, 45, 109, 'presente', '2026-06-12 00:30:20', '2026-06-12 00:30:20'),
(1173, 45, 123, 'presente', '2026-06-12 00:30:20', '2026-06-12 00:30:20'),
(1174, 45, 118, 'presente', '2026-06-12 00:30:20', '2026-06-12 00:30:20'),
(1175, 45, 115, 'presente', '2026-06-12 00:30:20', '2026-06-12 00:30:20'),
(1176, 45, 108, 'presente', '2026-06-12 00:30:20', '2026-06-12 00:30:20'),
(1177, 45, 111, 'presente', '2026-06-12 00:30:20', '2026-06-12 00:30:20'),
(1178, 45, 122, 'presente', '2026-06-12 00:30:20', '2026-06-12 00:30:20'),
(1179, 45, 112, 'presente', '2026-06-12 00:30:20', '2026-06-12 00:30:20'),
(1180, 45, 120, 'presente', '2026-06-12 00:30:20', '2026-06-12 00:30:20'),
(1181, 45, 125, 'presente', '2026-06-12 00:30:20', '2026-06-12 00:30:20'),
(1182, 45, 130, 'presente', '2026-06-12 00:30:20', '2026-06-12 00:30:20'),
(1183, 45, 131, 'presente', '2026-06-12 00:30:20', '2026-06-12 00:30:20'),
(1184, 46, 117, 'presente', '2026-06-12 00:31:47', '2026-06-12 00:31:47'),
(1185, 46, 114, 'presente', '2026-06-12 00:31:47', '2026-06-12 00:31:47'),
(1186, 46, 126, 'presente', '2026-06-12 00:31:47', '2026-06-12 00:31:47'),
(1187, 46, 127, 'presente', '2026-06-12 00:31:47', '2026-06-12 00:31:47'),
(1188, 46, 116, 'presente', '2026-06-12 00:31:47', '2026-06-12 00:31:47'),
(1189, 46, 107, 'presente', '2026-06-12 00:31:47', '2026-06-12 00:31:47'),
(1190, 46, 128, 'presente', '2026-06-12 00:31:47', '2026-06-12 00:31:47'),
(1191, 46, 124, 'presente', '2026-06-12 00:31:47', '2026-06-12 00:31:47'),
(1192, 46, 119, 'presente', '2026-06-12 00:31:47', '2026-06-12 00:31:47'),
(1193, 46, 113, 'presente', '2026-06-12 00:31:47', '2026-06-12 00:31:47'),
(1194, 46, 110, 'ausente', '2026-06-12 00:31:47', '2026-06-12 00:31:47'),
(1195, 46, 121, 'presente', '2026-06-12 00:31:47', '2026-06-12 00:31:47'),
(1196, 46, 129, 'presente', '2026-06-12 00:31:47', '2026-06-12 00:31:47'),
(1197, 46, 109, 'presente', '2026-06-12 00:31:47', '2026-06-12 00:31:47'),
(1198, 46, 123, 'presente', '2026-06-12 00:31:47', '2026-06-12 00:31:47'),
(1199, 46, 118, 'presente', '2026-06-12 00:31:47', '2026-06-12 00:31:47'),
(1200, 46, 115, 'presente', '2026-06-12 00:31:47', '2026-06-12 00:31:47'),
(1201, 46, 108, 'presente', '2026-06-12 00:31:47', '2026-06-12 00:31:47'),
(1202, 46, 111, 'presente', '2026-06-12 00:31:47', '2026-06-12 00:31:47'),
(1203, 46, 122, 'presente', '2026-06-12 00:31:47', '2026-06-12 00:31:47'),
(1204, 46, 112, 'presente', '2026-06-12 00:31:47', '2026-06-12 00:31:47'),
(1205, 46, 120, 'presente', '2026-06-12 00:31:47', '2026-06-12 00:31:47'),
(1206, 46, 125, 'excusa', '2026-06-12 00:31:47', '2026-06-12 00:32:10'),
(1207, 46, 130, 'presente', '2026-06-12 00:31:47', '2026-06-12 00:31:47'),
(1208, 46, 131, 'presente', '2026-06-12 00:31:47', '2026-06-12 00:31:47'),
(1209, 47, 117, 'presente', '2026-06-12 00:33:10', '2026-06-12 00:33:10'),
(1210, 47, 114, 'presente', '2026-06-12 00:33:10', '2026-06-12 00:33:10'),
(1211, 47, 126, 'ausente', '2026-06-12 00:33:10', '2026-06-12 00:33:10'),
(1212, 47, 127, 'ausente', '2026-06-12 00:33:10', '2026-06-12 00:33:10'),
(1213, 47, 116, 'presente', '2026-06-12 00:33:10', '2026-06-12 00:33:10'),
(1214, 47, 107, 'presente', '2026-06-12 00:33:10', '2026-06-12 00:33:10'),
(1215, 47, 128, 'presente', '2026-06-12 00:33:10', '2026-06-12 00:33:10'),
(1216, 47, 124, 'presente', '2026-06-12 00:33:10', '2026-06-12 00:33:10'),
(1217, 47, 119, 'presente', '2026-06-12 00:33:10', '2026-06-12 00:33:10'),
(1218, 47, 113, 'ausente', '2026-06-12 00:33:10', '2026-06-12 00:33:10'),
(1219, 47, 110, 'presente', '2026-06-12 00:33:10', '2026-06-12 00:33:10'),
(1220, 47, 121, 'presente', '2026-06-12 00:33:10', '2026-06-12 00:33:10'),
(1221, 47, 129, 'presente', '2026-06-12 00:33:10', '2026-06-12 00:33:10'),
(1222, 47, 109, 'presente', '2026-06-12 00:33:10', '2026-06-12 00:33:10'),
(1223, 47, 123, 'presente', '2026-06-12 00:33:10', '2026-06-12 00:33:10'),
(1224, 47, 118, 'presente', '2026-06-12 00:33:10', '2026-06-12 00:33:10'),
(1225, 47, 115, 'presente', '2026-06-12 00:33:10', '2026-06-12 00:33:10'),
(1226, 47, 108, 'presente', '2026-06-12 00:33:10', '2026-06-12 00:33:10'),
(1227, 47, 111, 'presente', '2026-06-12 00:33:10', '2026-06-12 00:33:10'),
(1228, 47, 122, 'presente', '2026-06-12 00:33:10', '2026-06-12 00:33:10'),
(1229, 47, 112, 'presente', '2026-06-12 00:33:10', '2026-06-12 00:33:10'),
(1230, 47, 120, 'presente', '2026-06-12 00:33:10', '2026-06-12 00:33:10'),
(1231, 47, 125, 'presente', '2026-06-12 00:33:10', '2026-06-12 00:33:10'),
(1232, 47, 130, 'presente', '2026-06-12 00:33:10', '2026-06-12 00:33:10'),
(1233, 47, 131, 'presente', '2026-06-12 00:33:10', '2026-06-12 00:33:10'),
(1234, 48, 117, 'presente', '2026-06-12 00:34:35', '2026-06-12 00:34:35'),
(1235, 48, 114, 'presente', '2026-06-12 00:34:35', '2026-06-12 00:34:35'),
(1236, 48, 126, 'presente', '2026-06-12 00:34:35', '2026-06-12 00:34:35'),
(1237, 48, 127, 'presente', '2026-06-12 00:34:35', '2026-06-12 00:34:35'),
(1238, 48, 116, 'ausente', '2026-06-12 00:34:35', '2026-06-12 00:34:35'),
(1239, 48, 107, 'excusa', '2026-06-12 00:34:35', '2026-06-12 00:34:35'),
(1240, 48, 128, 'presente', '2026-06-12 00:34:35', '2026-06-12 00:34:35'),
(1241, 48, 124, 'presente', '2026-06-12 00:34:35', '2026-06-12 00:34:35'),
(1242, 48, 119, 'presente', '2026-06-12 00:34:35', '2026-06-12 00:34:35'),
(1243, 48, 113, 'presente', '2026-06-12 00:34:35', '2026-06-12 00:34:35'),
(1244, 48, 110, 'presente', '2026-06-12 00:34:35', '2026-06-12 00:34:35'),
(1245, 48, 121, 'presente', '2026-06-12 00:34:35', '2026-06-12 00:34:35'),
(1246, 48, 129, 'ausente', '2026-06-12 00:34:35', '2026-06-12 00:34:35'),
(1247, 48, 109, 'presente', '2026-06-12 00:34:35', '2026-06-12 00:34:35'),
(1248, 48, 123, 'presente', '2026-06-12 00:34:35', '2026-06-12 00:34:35'),
(1249, 48, 118, 'ausente', '2026-06-12 00:34:35', '2026-06-12 00:34:35'),
(1250, 48, 115, 'presente', '2026-06-12 00:34:35', '2026-06-12 00:34:35'),
(1251, 48, 108, 'presente', '2026-06-12 00:34:35', '2026-06-12 00:34:35'),
(1252, 48, 111, 'presente', '2026-06-12 00:34:35', '2026-06-12 00:34:35'),
(1253, 48, 122, 'presente', '2026-06-12 00:34:35', '2026-06-12 00:34:35'),
(1254, 48, 112, 'presente', '2026-06-12 00:34:35', '2026-06-12 00:34:35'),
(1255, 48, 120, 'presente', '2026-06-12 00:34:35', '2026-06-12 00:34:35'),
(1256, 48, 125, 'presente', '2026-06-12 00:34:35', '2026-06-12 00:34:35'),
(1257, 48, 130, 'ausente', '2026-06-12 00:34:35', '2026-06-12 00:34:35'),
(1258, 48, 131, 'presente', '2026-06-12 00:34:35', '2026-06-12 00:34:35'),
(1259, 49, 117, 'presente', '2026-06-12 00:36:11', '2026-06-12 00:36:11'),
(1260, 49, 114, 'presente', '2026-06-12 00:36:11', '2026-06-12 00:36:11'),
(1261, 49, 126, 'ausente', '2026-06-12 00:36:11', '2026-06-12 00:36:11'),
(1262, 49, 127, 'presente', '2026-06-12 00:36:11', '2026-06-12 00:36:11'),
(1263, 49, 116, 'presente', '2026-06-12 00:36:11', '2026-06-12 00:36:11'),
(1264, 49, 107, 'excusa', '2026-06-12 00:36:11', '2026-06-12 00:36:11'),
(1265, 49, 128, 'presente', '2026-06-12 00:36:11', '2026-06-12 00:36:11'),
(1266, 49, 124, 'presente', '2026-06-12 00:36:11', '2026-06-12 00:36:11'),
(1267, 49, 119, 'ausente', '2026-06-12 00:36:11', '2026-06-12 00:36:11'),
(1268, 49, 113, 'presente', '2026-06-12 00:36:11', '2026-06-12 00:36:11'),
(1269, 49, 110, 'presente', '2026-06-12 00:36:11', '2026-06-12 00:36:11'),
(1270, 49, 121, 'presente', '2026-06-12 00:36:11', '2026-06-12 00:36:11'),
(1271, 49, 129, 'presente', '2026-06-12 00:36:11', '2026-06-12 00:36:11'),
(1272, 49, 109, 'excusa', '2026-06-12 00:36:11', '2026-06-12 00:36:11'),
(1273, 49, 123, 'presente', '2026-06-12 00:36:11', '2026-06-12 00:36:11'),
(1274, 49, 118, 'presente', '2026-06-12 00:36:11', '2026-06-12 00:36:11'),
(1275, 49, 115, 'presente', '2026-06-12 00:36:11', '2026-06-12 00:36:11'),
(1276, 49, 108, 'presente', '2026-06-12 00:36:11', '2026-06-12 00:36:11'),
(1277, 49, 111, 'presente', '2026-06-12 00:36:11', '2026-06-12 00:36:11'),
(1278, 49, 122, 'presente', '2026-06-12 00:36:11', '2026-06-12 00:36:11'),
(1279, 49, 112, 'ausente', '2026-06-12 00:36:11', '2026-06-12 00:36:11'),
(1280, 49, 120, 'presente', '2026-06-12 00:36:11', '2026-06-12 00:36:11'),
(1281, 49, 125, 'presente', '2026-06-12 00:36:11', '2026-06-12 00:36:11'),
(1282, 49, 130, 'presente', '2026-06-12 00:36:11', '2026-06-12 00:36:11'),
(1283, 49, 131, 'presente', '2026-06-12 00:36:11', '2026-06-12 00:36:11'),
(1284, 50, 117, 'presente', '2026-06-12 00:37:34', '2026-06-12 00:37:34'),
(1285, 50, 114, 'presente', '2026-06-12 00:37:34', '2026-06-12 00:37:34'),
(1286, 50, 126, 'presente', '2026-06-12 00:37:34', '2026-06-12 00:37:34'),
(1287, 50, 127, 'ausente', '2026-06-12 00:37:34', '2026-06-12 00:37:34'),
(1288, 50, 116, 'ausente', '2026-06-12 00:37:34', '2026-06-12 00:37:34'),
(1289, 50, 107, 'presente', '2026-06-12 00:37:34', '2026-06-12 00:37:34'),
(1290, 50, 128, 'presente', '2026-06-12 00:37:34', '2026-06-12 00:37:34'),
(1291, 50, 124, 'presente', '2026-06-12 00:37:34', '2026-06-12 00:37:34'),
(1292, 50, 119, 'presente', '2026-06-12 00:37:34', '2026-06-12 00:37:34'),
(1293, 50, 113, 'presente', '2026-06-12 00:37:34', '2026-06-12 00:37:34'),
(1294, 50, 110, 'presente', '2026-06-12 00:37:34', '2026-06-12 00:37:34'),
(1295, 50, 121, 'presente', '2026-06-12 00:37:34', '2026-06-12 00:37:34'),
(1296, 50, 129, 'presente', '2026-06-12 00:37:34', '2026-06-12 00:37:34'),
(1297, 50, 109, 'excusa', '2026-06-12 00:37:34', '2026-06-12 00:37:34'),
(1298, 50, 123, 'presente', '2026-06-12 00:37:34', '2026-06-12 00:37:34'),
(1299, 50, 118, 'presente', '2026-06-12 00:37:34', '2026-06-12 00:37:34'),
(1300, 50, 115, 'presente', '2026-06-12 00:37:34', '2026-06-12 00:37:34'),
(1301, 50, 108, 'presente', '2026-06-12 00:37:34', '2026-06-12 00:37:34'),
(1302, 50, 111, 'presente', '2026-06-12 00:37:34', '2026-06-12 00:37:34'),
(1303, 50, 122, 'presente', '2026-06-12 00:37:34', '2026-06-12 00:37:34'),
(1304, 50, 112, 'presente', '2026-06-12 00:37:34', '2026-06-12 00:37:34'),
(1305, 50, 120, 'presente', '2026-06-12 00:37:34', '2026-06-12 00:37:34'),
(1306, 50, 125, 'presente', '2026-06-12 00:37:34', '2026-06-12 00:37:34'),
(1307, 50, 130, 'excusa', '2026-06-12 00:37:34', '2026-06-12 01:44:51'),
(1308, 50, 131, 'presente', '2026-06-12 00:37:34', '2026-06-12 00:37:34');

-- --------------------------------------------------------

--
-- Estructura de tabla para la tabla `attendance_sessions`
--

CREATE TABLE `attendance_sessions` (
  `id` bigint(20) UNSIGNED NOT NULL,
  `instructor_id` bigint(20) UNSIGNED NOT NULL,
  `ficha_id` bigint(20) UNSIGNED NOT NULL,
  `date` date NOT NULL,
  `topic` varchar(255) DEFAULT NULL,
  `created_at` timestamp NULL DEFAULT NULL,
  `updated_at` timestamp NULL DEFAULT NULL
) ENGINE=InnoDB DEFAULT CHARSET=utf8mb4 COLLATE=utf8mb4_unicode_ci;

--
-- Volcado de datos para la tabla `attendance_sessions`
--

INSERT INTO `attendance_sessions` (`id`, `instructor_id`, `ficha_id`, `date`, `topic`, `created_at`, `updated_at`) VALUES
(2, 39, 4, '2026-06-02', NULL, '2026-06-02 20:28:13', '2026-06-02 20:28:13'),
(3, 39, 5, '2026-06-02', NULL, '2026-06-03 01:55:45', '2026-06-03 01:55:45'),
(4, 39, 5, '2026-05-26', NULL, '2026-06-03 03:18:46', '2026-06-03 03:18:46'),
(5, 39, 6, '2026-06-03', NULL, '2026-06-03 21:01:09', '2026-06-03 21:01:09'),
(6, 39, 6, '2026-03-04', NULL, '2026-06-03 21:09:33', '2026-06-03 21:09:33'),
(7, 39, 6, '2026-03-11', NULL, '2026-06-03 21:10:37', '2026-06-03 21:10:37'),
(8, 39, 6, '2026-03-18', NULL, '2026-06-03 21:11:35', '2026-06-03 21:11:35'),
(9, 39, 6, '2026-04-08', NULL, '2026-06-03 21:11:56', '2026-06-03 21:11:56'),
(10, 39, 6, '2026-04-15', NULL, '2026-06-03 21:21:43', '2026-06-03 21:21:43'),
(11, 39, 6, '2026-04-22', NULL, '2026-06-03 21:22:00', '2026-06-03 21:22:00'),
(12, 39, 6, '2026-04-29', NULL, '2026-06-03 21:22:15', '2026-06-03 21:22:15'),
(13, 39, 6, '2026-05-06', NULL, '2026-06-03 21:22:31', '2026-06-03 21:22:31'),
(14, 39, 6, '2026-05-13', NULL, '2026-06-03 21:22:50', '2026-06-03 21:22:50'),
(15, 39, 6, '2026-05-20', NULL, '2026-06-03 21:23:10', '2026-06-03 21:23:10'),
(16, 39, 6, '2026-05-27', NULL, '2026-06-03 21:23:25', '2026-06-03 21:23:25'),
(17, 39, 7, '2026-06-03', NULL, '2026-06-03 23:32:37', '2026-06-03 23:32:37'),
(18, 39, 8, '2026-06-04', NULL, '2026-06-05 00:17:51', '2026-06-05 00:17:51'),
(19, 39, 4, '2026-06-09', NULL, '2026-06-09 17:17:33', '2026-06-09 17:17:33'),
(20, 39, 4, '2026-02-10', NULL, '2026-06-09 19:01:04', '2026-06-09 19:01:04'),
(21, 39, 4, '2026-02-17', NULL, '2026-06-09 19:03:09', '2026-06-09 19:03:09'),
(22, 39, 4, '2026-02-24', NULL, '2026-06-09 19:04:35', '2026-06-09 19:04:35'),
(23, 39, 4, '2026-03-03', NULL, '2026-06-09 19:06:24', '2026-06-09 19:06:24'),
(24, 39, 5, '2026-06-09', NULL, '2026-06-10 00:08:10', '2026-06-10 00:08:10'),
(25, 39, 6, '2026-06-10', NULL, '2026-06-10 19:34:04', '2026-06-10 19:34:04'),
(26, 39, 4, '2026-03-10', NULL, '2026-06-10 20:31:15', '2026-06-10 20:31:15'),
(27, 39, 4, '2026-03-17', NULL, '2026-06-10 20:33:13', '2026-06-10 20:33:13'),
(28, 39, 4, '2026-03-24', NULL, '2026-06-10 20:34:42', '2026-06-10 20:34:42'),
(29, 39, 4, '2026-04-07', NULL, '2026-06-10 20:38:02', '2026-06-10 20:38:02'),
(30, 39, 4, '2026-04-14', NULL, '2026-06-10 20:38:33', '2026-06-10 20:38:33'),
(31, 39, 4, '2026-04-21', NULL, '2026-06-10 20:39:59', '2026-06-10 20:39:59'),
(32, 39, 4, '2026-04-28', NULL, '2026-06-10 20:41:12', '2026-06-10 20:41:12'),
(33, 39, 4, '2026-05-05', NULL, '2026-06-10 20:42:39', '2026-06-10 20:42:39'),
(34, 39, 4, '2026-05-12', NULL, '2026-06-10 20:43:19', '2026-06-10 20:43:19'),
(35, 39, 4, '2026-05-19', NULL, '2026-06-10 20:44:24', '2026-06-10 20:44:24'),
(36, 39, 7, '2026-06-10', NULL, '2026-06-10 23:30:25', '2026-06-10 23:30:25'),
(37, 39, 8, '2026-06-11', NULL, '2026-06-12 00:19:51', '2026-06-12 00:19:51'),
(38, 39, 8, '2026-02-12', NULL, '2026-06-12 00:20:51', '2026-06-12 00:20:51'),
(39, 39, 8, '2026-02-19', NULL, '2026-06-12 00:22:58', '2026-06-12 00:22:58'),
(40, 39, 8, '2026-02-26', NULL, '2026-06-12 00:23:59', '2026-06-12 00:23:59'),
(41, 39, 8, '2026-03-05', NULL, '2026-06-12 00:26:06', '2026-06-12 00:26:06'),
(42, 39, 8, '2026-03-12', NULL, '2026-06-12 00:26:59', '2026-06-12 00:26:59'),
(43, 39, 8, '2026-03-19', NULL, '2026-06-12 00:27:50', '2026-06-12 00:27:50'),
(44, 39, 8, '2026-03-26', NULL, '2026-06-12 00:28:53', '2026-06-12 00:28:53'),
(45, 39, 8, '2026-04-09', NULL, '2026-06-12 00:30:20', '2026-06-12 00:30:20'),
(46, 39, 8, '2026-04-16', NULL, '2026-06-12 00:31:47', '2026-06-12 00:31:47'),
(47, 39, 8, '2026-04-30', NULL, '2026-06-12 00:33:10', '2026-06-12 00:33:10'),
(48, 39, 8, '2026-05-07', NULL, '2026-06-12 00:34:35', '2026-06-12 00:34:35'),
(49, 39, 8, '2026-05-14', NULL, '2026-06-12 00:36:11', '2026-06-12 00:36:11'),
(50, 39, 8, '2026-05-21', NULL, '2026-06-12 00:37:34', '2026-06-12 00:37:34');

-- --------------------------------------------------------

--
-- Estructura de tabla para la tabla `cache`
--

CREATE TABLE `cache` (
  `key` varchar(255) NOT NULL,
  `value` mediumtext NOT NULL,
  `expiration` int(11) NOT NULL
) ENGINE=InnoDB DEFAULT CHARSET=utf8mb4 COLLATE=utf8mb4_unicode_ci;

-- --------------------------------------------------------

--
-- Estructura de tabla para la tabla `cache_locks`
--

CREATE TABLE `cache_locks` (
  `key` varchar(255) NOT NULL,
  `owner` varchar(255) NOT NULL,
  `expiration` int(11) NOT NULL
) ENGINE=InnoDB DEFAULT CHARSET=utf8mb4 COLLATE=utf8mb4_unicode_ci;

-- --------------------------------------------------------

--
-- Estructura de tabla para la tabla `competencias`
--

CREATE TABLE `competencias` (
  `id` bigint(20) UNSIGNED NOT NULL,
  `nombre` varchar(255) NOT NULL,
  `descripcion` text DEFAULT NULL,
  `program_id` bigint(20) UNSIGNED NOT NULL,
  `instructor_id` bigint(20) UNSIGNED NOT NULL,
  `created_at` timestamp NULL DEFAULT NULL,
  `updated_at` timestamp NULL DEFAULT NULL
) ENGINE=InnoDB DEFAULT CHARSET=utf8mb4 COLLATE=utf8mb4_unicode_ci;

--
-- Volcado de datos para la tabla `competencias`
--

INSERT INTO `competencias` (`id`, `nombre`, `descripcion`, `program_id`, `instructor_id`, `created_at`, `updated_at`) VALUES
(3, 'RESULTADO DE APRENDIZAJE DE INDUCCIÓN', NULL, 2, 3, '2026-06-01 21:45:03', '2026-06-01 21:45:03'),
(4, 'RESULTADO DE APRENDIZAJE DE INDUCCIÓN', NULL, 2, 39, '2026-06-03 01:57:39', '2026-06-03 01:57:39'),
(5, 'ADMINISTRAR BASE DE DATOS DE ACUERDO CON LOS ESTÁNDARES Y REQUISITOS TÉCNICOS', NULL, 2, 39, '2026-06-03 02:00:04', '2026-06-03 02:00:04'),
(6, 'DESARROLLAR LA SOLUCIÓN DE SOFTWARE DE ACUERDO CON EL DISEÑO Y METODOLOGÍAS DE DESARROLLO', NULL, 2, 39, '2026-06-03 02:01:34', '2026-06-03 02:01:34'),
(7, 'ESTABLECER REQUISITOS DE LA SOLUCIÓN DE SOFTWARE DE ACUERDO CON ESTÁNDARES Y PROCEDIMIENTO TÉCNICO', NULL, 2, 39, '2026-06-03 02:03:26', '2026-06-03 02:03:26'),
(8, 'UTILIZAR HERRAMIENTAS INFORMÁTICAS DE ACUERDO CON LAS NECESIDADES DE MANEJO DE INFORMACIÓN', NULL, 2, 39, '2026-06-03 02:04:04', '2026-06-03 02:04:04'),
(9, 'RESULTADOS DE APRENDIZAJE ETAPA PRACTICA', NULL, 2, 39, '2026-06-03 02:05:04', '2026-06-03 02:05:04');

-- --------------------------------------------------------

--
-- Estructura de tabla para la tabla `documents`
--

CREATE TABLE `documents` (
  `id` bigint(20) UNSIGNED NOT NULL,
  `folder_id` bigint(20) UNSIGNED NOT NULL,
  `original_name` varchar(255) NOT NULL,
  `file_path` varchar(255) NOT NULL,
  `file_type` varchar(255) NOT NULL,
  `uploaded_by` bigint(20) UNSIGNED NOT NULL,
  `created_at` timestamp NULL DEFAULT NULL,
  `updated_at` timestamp NULL DEFAULT NULL
) ENGINE=InnoDB DEFAULT CHARSET=utf8mb4 COLLATE=utf8mb4_unicode_ci;

--
-- Volcado de datos para la tabla `documents`
--

INSERT INTO `documents` (`id`, `folder_id`, `original_name`, `file_path`, `file_type`, `uploaded_by`, `created_at`, `updated_at`) VALUES
(6, 101, '2. plan operativo.pdf', 'documents/4/101/lOkRsTg3nw1n7pfFIZayOWTYp8J373q2fui3cL2U.pdf', 'application/pdf', 39, '2026-06-03 02:43:22', '2026-06-03 02:43:22'),
(8, 132, 'Reporte de Juicios Evaluativos (27).xls', 'documents/4/132/Bmq5ZYwaGLTXgzB5Ixej0MESkn4P6Gstp8aXyua7.xls', 'application/vnd.ms-excel', 39, '2026-06-16 20:38:40', '2026-06-16 20:38:40'),
(9, 297, 'Reporte de Juicios Evaluativos (28).xls', 'documents/9/297/xqF774BvnJOUjZSxds8e3q5pO33j7Lb3VyH6Lgxz.xls', 'application/vnd.ms-excel', 39, '2026-06-16 21:14:49', '2026-06-16 21:14:49'),
(10, 231, 'Reporte de Juicios Evaluativos (29).xls', 'documents/7/231/7LZKMruMnUGwffWfgyEYAlsZXKpVjSwAcoaNU1wI.xls', 'application/vnd.ms-excel', 39, '2026-06-16 21:30:14', '2026-06-16 21:30:14'),
(11, 264, 'Reporte de Juicios Evaluativos (31).xls', 'documents/8/264/AedLbGjn4d4uRdO6Xe0NYOCy3qnI8qQrwehVG125.xls', 'application/vnd.ms-excel', 39, '2026-06-16 21:43:28', '2026-06-16 21:43:28'),
(12, 198, 'Reporte de Juicios Evaluativos (32).xls', 'documents/6/198/TkCAx2T6ZFChVFj0AOMz0HHS9fCFLbUt3dl1j9Ja.xls', 'application/vnd.ms-excel', 39, '2026-06-16 21:52:34', '2026-06-16 21:52:34'),
(13, 165, 'Reporte de Juicios Evaluativos (33).xls', 'documents/5/165/68xYWhUM2leylWgmuns3HNaC7TBn7W88qXVLdbfB.xls', 'application/vnd.ms-excel', 39, '2026-06-16 21:55:21', '2026-06-16 21:55:21'),
(14, 100, '1. Acta de inicio -Convenio No.036 de 2020 - Municipio de Rionegro..pdf', 'documents/4/100/irDl1FeMSNYJINBGYnXBHopK7c3q9grShNsXvOsn.pdf', 'application/pdf', 39, '2026-06-17 19:12:25', '2026-06-17 19:12:25'),
(15, 100, '1. Convenio No 4255107- SEDUCA.pdf', 'documents/4/100/6RhCGKIknppfDzzgi1sdZKd5VDCGmnehCPuTRKiT.pdf', 'application/pdf', 39, '2026-06-17 19:12:25', '2026-06-17 19:12:25'),
(16, 100, '1. Convenio No.036 de 2020 - Municipio de Rionegro.pdf', 'documents/4/100/tIuzha4ZR5JiUNM21e0ecFkGGiROKfQaXEjatcH8.pdf', 'application/pdf', 39, '2026-06-17 19:12:25', '2026-06-17 19:12:25'),
(17, 102, '3. Acta_documentos_Registro y Certificación.pdf', 'documents/4/102/iVtNJPPZtfWcM7JCgqOcRCqY7xTfvwPIBvE6E9Nn.pdf', 'application/pdf', 39, '2026-06-17 19:14:14', '2026-06-17 19:14:14'),
(18, 103, '4. Acta_documentos_Registro y Certificación.pdf', 'documents/4/103/0qWRsIQ08yxH930MXVWTqXabwMOfVP2c3H61XMdu.pdf', 'application/pdf', 39, '2026-06-17 19:14:56', '2026-06-17 19:14:56'),
(19, 104, '3171584_Desarrollo de la Ruta de Aprendizaje.xlsx', 'documents/4/104/aCRvfd7UVnMVewznEGY9f3avVgS5d1guogGWbEsb.xlsx', 'application/vnd.openxmlformats-officedocument.spreadsheetml.sheet', 39, '2026-06-17 19:20:41', '2026-06-17 19:20:41'),
(20, 105, '6. GD-F-007 Acta Transferencia Institucional.docx', 'documents/4/105/BcRTfBIb2HMBkHUYyfZy0EYCWtBtcorRks15zuGb.docx', 'application/vnd.openxmlformats-officedocument.wordprocessingml.document', 39, '2026-06-17 19:21:08', '2026-06-17 19:21:08'),
(21, 106, '7. GD-F-007_Acta_Socialización_Articulación curricular_concejo municipal.pdf', 'documents/4/106/rPGLcKrm8nCb0KT75CtN3nOTyAOWYNMs9X7tAzFt.pdf', 'application/pdf', 39, '2026-06-17 19:21:27', '2026-06-17 19:21:27'),
(22, 107, '8. GFPI-F-035_V2__CONCEJO MUNICIPAL SOFTWARE.pdf', 'documents/4/107/LSfK13GcIrhILDWxg5YOmtu2u2o2m4WQV03beyCt.pdf', 'application/pdf', 39, '2026-06-17 19:21:51', '2026-06-17 19:21:51'),
(23, 107, '8. GFPI-F-035_V2__CONCEJO MUNICIPAL.xlsx', 'documents/4/107/nV3UkPj3jDTH7fKxDAQ7mBAoQZxbGqEFIkza5Jb5.xlsx', 'application/vnd.openxmlformats-officedocument.spreadsheetml.sheet', 39, '2026-06-17 19:21:51', '2026-06-17 19:21:51'),
(24, 108, '9. 2025_GPFI-F-134PlaneacionPedagogicaProyectoFormativo.xlsx', 'documents/4/108/M0fVb52w4Con4QbxjbWCUHerMwXW3eCOYCjrPUZk.xlsx', 'application/vnd.openxmlformats-officedocument.spreadsheetml.sheet', 39, '2026-06-17 19:22:09', '2026-06-17 19:22:09'),
(26, 109, '10.2 Acta reinduccion concejo municipal .pdf', 'documents/4/109/riGKhQ4ZG5vcuHARCXb5UR3SH6EFxmkTKcJG5mtn.pdf', 'application/pdf', 39, '2026-06-17 19:37:11', '2026-06-17 19:37:11'),
(27, 109, '10.1 Acta inducción concejo municipal .pdf', 'documents/4/109/SeNCPFrXfYTWgkLaBO1ZrhdrZsufrArPThweiIY0.pdf', 'application/pdf', 39, '2026-06-17 19:37:21', '2026-06-17 19:37:21'),
(28, 110, '1. GD-F-007 Acta Inducción Instructores.docx', 'documents/4/110/2SSsfsvm3LU2N6MH1HnzuiBn5mhx79cvRemvgMUw.docx', 'application/vnd.openxmlformats-officedocument.wordprocessingml.document', 39, '2026-06-17 19:38:32', '2026-06-17 19:38:32'),
(29, 111, '12. acta de compromiso concejo.pdf', 'documents/4/111/01Aplnu4nWuuBy4It1LznQGQLm1FCO5oNadjrzIX.pdf', 'application/pdf', 39, '2026-06-17 19:39:20', '2026-06-17 19:39:20'),
(30, 112, '13. Acta_documentos_Registro y Certificación.pdf', 'documents/4/112/xCPOgpdBijkeqzaMa4ktB7ol8D9mNTzXgNJVI7hM.pdf', 'application/pdf', 39, '2026-06-17 19:39:39', '2026-06-17 19:39:39'),
(31, 113, '14. Acta_documentos_Registro y Certificación.pdf', 'documents/4/113/DrifzjDUng3d2n68ZWaH6Gphf3YWgHf2Kr62Fm9w.pdf', 'application/pdf', 39, '2026-06-17 19:40:23', '2026-06-17 19:40:23'),
(32, 114, '15. Acta_documentos_Registro y Certificación.pdf', 'documents/4/114/bobzZDzo1yUf4zb6p8VeElD9mn1GgczSCDakcxcn.pdf', 'application/pdf', 39, '2026-06-17 19:40:42', '2026-06-17 19:40:42'),
(33, 115, '16. seguimiento académico Concejo la ceja 1.pdf', 'documents/4/115/38LaITSxLXzTefgoMp6eaUMESEu0eOp9SVZKOF8d.pdf', 'application/pdf', 39, '2026-06-17 19:41:48', '2026-06-17 19:41:48'),
(34, 115, '16. seguimiento académico Concejo la ceja 2.pdf', 'documents/4/115/DwwmWwU3q8Jc2Qb8Mu7oO8JIeSKvbYONBJ5aPs6A.pdf', 'application/pdf', 39, '2026-06-17 19:41:48', '2026-06-17 19:41:48'),
(35, 118, 'ADRIAN RUIZ MORENO_Grado10.xlsx', 'documents/4/118/87wnKu17wTbeapa1elMYAUFHpJ8CvHtF4h0fJiS4.xlsx', 'application/vnd.openxmlformats-officedocument.spreadsheetml.sheet', 39, '2026-06-17 19:57:22', '2026-06-17 19:57:22'),
(36, 118, 'ANA SOFIA MARTINEZ MESA_Grado10.xlsx', 'documents/4/118/V3NBswixsrqRUAr0Q1A6tOB3VUneVAFttbMMlMLw.xlsx', 'application/vnd.openxmlformats-officedocument.spreadsheetml.sheet', 39, '2026-06-17 19:57:22', '2026-06-17 19:57:22'),
(37, 118, 'ANDRÉS ENRIQUE PACHECO HERRADA_Grado10.xlsx', 'documents/4/118/QVNK4NTpMFd5zomSsfweWr8DZWqgkWso7HZ9jDfM.xlsx', 'application/vnd.openxmlformats-officedocument.spreadsheetml.sheet', 39, '2026-06-17 19:57:22', '2026-06-17 19:57:22'),
(38, 118, 'ANGIE VANESSA SALAZAR VERA_Grado10.xlsx', 'documents/4/118/q9Jxk303eJUbZTYmJOTl3rFcSGxexkQTqpjrTGAk.xlsx', 'application/vnd.openxmlformats-officedocument.spreadsheetml.sheet', 39, '2026-06-17 19:57:22', '2026-06-17 19:57:22'),
(39, 118, 'CRISTIAN CAMILO ARIAS BARRERA_Grado10.xlsx', 'documents/4/118/xnBiMxjJKNTgrg6ucLMmaGpBWymucN4umtoV1Jra.xlsx', 'application/vnd.openxmlformats-officedocument.spreadsheetml.sheet', 39, '2026-06-17 19:57:22', '2026-06-17 19:57:22'),
(40, 118, 'DIANA MARCELA RAMIREZ CASTRO_Grado10.xlsx', 'documents/4/118/tKFTgLCXfXvkJJP51PFzjorZKCEuCs6iW6M7BaWD.xlsx', 'application/vnd.openxmlformats-officedocument.spreadsheetml.sheet', 39, '2026-06-17 19:57:22', '2026-06-17 19:57:22'),
(41, 118, 'DIEGO ALEJANDRO LEON SOTO_Grado10.xlsx', 'documents/4/118/jl3GslJtQH6AZt16ff5RlCgx6RToUcIeKtYLBYhq.xlsx', 'application/vnd.openxmlformats-officedocument.spreadsheetml.sheet', 39, '2026-06-17 19:57:22', '2026-06-17 19:57:22'),
(42, 118, 'ERICK DAYAN RETAMOZO ASIS_Grado10.xlsx', 'documents/4/118/jnUcIlssQmSDPTZGo6kdXOaDJ6POEEh9dvhPWinO.xlsx', 'application/vnd.openxmlformats-officedocument.spreadsheetml.sheet', 39, '2026-06-17 19:57:22', '2026-06-17 19:57:22'),
(43, 118, 'ISABELLA FRANCHESA MC QUEEN PIEDRAHITA_Grado10.xlsx', 'documents/4/118/pJNDl357nji70PyUKjtN3XGICDwpeGGNdyFP3oQw.xlsx', 'application/vnd.openxmlformats-officedocument.spreadsheetml.sheet', 39, '2026-06-17 19:57:22', '2026-06-17 19:57:22'),
(44, 118, 'JERONIMO TABARES CARVAJAL_Grado10.xlsx', 'documents/4/118/L79vLlSxOWsy5oJPU4TYXoLsJDklML73JYXDFywS.xlsx', 'application/vnd.openxmlformats-officedocument.spreadsheetml.sheet', 39, '2026-06-17 19:57:22', '2026-06-17 19:57:22'),
(45, 118, 'JOHAN SEBASTIAN CASTRO ROMERO_Grado10.xlsx', 'documents/4/118/snmVsNpDP0kpa2GkDJvkizmOo3iF3yO68c5C8wZY.xlsx', 'application/vnd.openxmlformats-officedocument.spreadsheetml.sheet', 39, '2026-06-17 19:57:22', '2026-06-17 19:57:22'),
(46, 118, 'JOSÉ MANUEL YEPES CANO_Grado10.xlsx', 'documents/4/118/U2QImeRLyyh2LOkDHatgKwmszwPiom96X2TDyqxp.xlsx', 'application/vnd.openxmlformats-officedocument.spreadsheetml.sheet', 39, '2026-06-17 19:57:22', '2026-06-17 19:57:22'),
(47, 118, 'JUAN DAVID AMARILES RINCON_Grado10.xlsx', 'documents/4/118/kPLLLdGp40EiLHzVDUPmY7irXFfUMao8k6clS2oW.xlsx', 'application/vnd.openxmlformats-officedocument.spreadsheetml.sheet', 39, '2026-06-17 19:57:22', '2026-06-17 19:57:22'),
(48, 118, 'JUAN DAVID CASTAÑEDA ROJAS_Grado10.xlsx', 'documents/4/118/Hc2dYZCl9FTfZaQCL6omWFvF4HjOCUGzklWhW0RY.xlsx', 'application/vnd.openxmlformats-officedocument.spreadsheetml.sheet', 39, '2026-06-17 19:57:22', '2026-06-17 19:57:22'),
(49, 118, 'JUAN JOSE PALACIO PALACIO_Grado10.xlsx', 'documents/4/118/n4gRXnxt24ymq22jrpFmJocFkpR3iGFGQj9KW74u.xlsx', 'application/vnd.openxmlformats-officedocument.spreadsheetml.sheet', 39, '2026-06-17 19:57:22', '2026-06-17 19:57:22'),
(50, 118, 'JUAN JOSE RIOS GIRALDO_Grado10.xlsx', 'documents/4/118/swUXSFxZ67FqDaqtjcpt0BCpO3JzRXWwHpp65vc1.xlsx', 'application/vnd.openxmlformats-officedocument.spreadsheetml.sheet', 39, '2026-06-17 19:57:22', '2026-06-17 19:57:22'),
(51, 118, 'JUAN PABLO PAVAS CARDONA_Grado10.xlsx', 'documents/4/118/PUaMnE2uWrHIgTNU3M5RnCd3y9hLEqOJEW8GiekF.xlsx', 'application/vnd.openxmlformats-officedocument.spreadsheetml.sheet', 39, '2026-06-17 19:57:22', '2026-06-17 19:57:22'),
(52, 118, 'JULIANA RODRIGUEZ LONDOÑO_Grado10.xlsx', 'documents/4/118/2CDnLy6jCumGTqLRAvdiLFkdTV09jHniV0yWArPl.xlsx', 'application/vnd.openxmlformats-officedocument.spreadsheetml.sheet', 39, '2026-06-17 19:57:22', '2026-06-17 19:57:22'),
(53, 118, 'LAURA CRISTINA CIFUENTES SANCHEZ_Grado10.xlsx', 'documents/4/118/QOJ2PBYH60tZpov6WLYVGsYqfiTNhWJl2rM3C2d6.xlsx', 'application/vnd.openxmlformats-officedocument.spreadsheetml.sheet', 39, '2026-06-17 19:57:22', '2026-06-17 19:57:22'),
(54, 118, 'MARIA JOSE DE LOS ANGELES RIVERO SOTO_Grado10.xlsx', 'documents/4/118/kRfbUC5Azrtj170vQJ39a5BZ6yZ5IB5ipYFEe8yl.xlsx', 'application/vnd.openxmlformats-officedocument.spreadsheetml.sheet', 39, '2026-06-17 19:57:22', '2026-06-17 19:57:22'),
(55, 120, '21. GD-F-007_Acta_Sensibilización CONCEJO 2024.pdf', 'documents/4/120/6DG0xr2XSqkMKbGzVXwedwYur1t2qrvclHkVyRhH.pdf', 'application/pdf', 39, '2026-06-17 20:00:07', '2026-06-17 20:00:07'),
(56, 121, '22. Acta No. 05_Concepto Tecnico_CONCEJO MUNICIPAL .pdf', 'documents/4/121/GMrGnbAhW5LVJRMpWWUU6Fp6Mi6fgVb9VPBDpwxi.pdf', 'application/pdf', 39, '2026-06-17 20:00:59', '2026-06-17 20:00:59'),
(57, 122, '23. GFPI-F-033_Formato_Autodiagnostico_IE.pdf', 'documents/4/122/pjj2dXofYR0fChsE8HLEBTHOUJmwOcllCvL6MQLB.pdf', 'application/pdf', 39, '2026-06-17 20:01:44', '2026-06-17 20:01:44'),
(58, 124, '25. Reporte Centro de Formación 2022.xlsx', 'documents/4/124/OFYziwYJXrGCJBvUaaVZRsTA5gHm6yPc0xuOg0IG.xlsx', 'application/vnd.openxmlformats-officedocument.spreadsheetml.sheet', 39, '2026-06-17 20:11:24', '2026-06-17 20:11:24'),
(59, 128, 'Analisis_GFPI-F-135_Formato_Guia_de_Aprendizaje - Inducción.pdf', 'documents/4/128/uetRI7AHZHj1JcQHNZpKcqDZVduc2a6P5vQFR0p8.pdf', 'application/pdf', 39, '2026-06-17 20:13:07', '2026-06-17 20:13:07'),
(60, 128, 'Ejecución_GFPI-F-135_Formato_Guia_de_Aprendizaje - Algoritmos.pdf', 'documents/4/128/YZhbniu5R642TMWi0S0EjspEtqHR1y8wv4ILrYFd.pdf', 'application/pdf', 39, '2026-06-17 20:13:07', '2026-06-17 20:13:07'),
(61, 128, 'Evaluación_GFPI-F-135_Formato_Guia_de_Aprendizaje - Maquetación Web.pdf', 'documents/4/128/YBOS9ckAnNpaqyCJLHytDxGyOo1j2kocq7XuDobk.pdf', 'application/pdf', 39, '2026-06-17 20:13:07', '2026-06-17 20:13:07'),
(62, 128, 'Planeación_GFPI-F-135_Formato_Guia_de_Aprendizaje - Bases de Datos.pdf', 'documents/4/128/89Zhq3CkaxpwKJsvkQiPChsR04lX1A849dlwjyG4.pdf', 'application/pdf', 39, '2026-06-17 20:13:07', '2026-06-17 20:13:07'),
(63, 130, '31. GFPI-F-023_Formato_Planeacion_seguimiento_3CCROSX .docx', 'documents/4/130/esaEx4nAGAHkbS1G62hnfd9CiamNkNH21AMzAmaE.docx', 'application/vnd.openxmlformats-officedocument.wordprocessingml.document', 39, '2026-06-17 20:14:46', '2026-06-17 20:14:46'),
(64, 130, '31. GFPI-F-023_Formato_Planeacion_seguimiento_Eco puntos.docx', 'documents/4/130/TTqMyGLTVw4VaPyhYatiB2rijMjmqpwdBOpE4Mhe.docx', 'application/vnd.openxmlformats-officedocument.wordprocessingml.document', 39, '2026-06-17 20:14:46', '2026-06-17 20:14:46'),
(65, 130, '31. GFPI-F-023_Formato_Planeacion_seguimiento_MediTime.docx', 'documents/4/130/lQrF1FY9rLkvyCX47Wrdczo5B75aUTIhvccSCKIa.docx', 'application/vnd.openxmlformats-officedocument.wordprocessingml.document', 39, '2026-06-17 20:14:46', '2026-06-17 20:14:46'),
(66, 130, '31. GFPI-F-023_Formato_Planeacion_seguimiento_Proyecto bienestar emocional .docx', 'documents/4/130/Lq396SzcPYpwqnC3NKVFGXAYuFYn2UcthKuyWP0e.docx', 'application/vnd.openxmlformats-officedocument.wordprocessingml.document', 39, '2026-06-17 20:14:46', '2026-06-17 20:14:46'),
(67, 130, '31. GFPI-F-023_Formato_Planeacion_seguimiento_proyecto de video juego.docx', 'documents/4/130/rMt1lZ7YfaMYdnFCRf9FA4X7ZWC5s1OBpxKtmERE.docx', 'application/vnd.openxmlformats-officedocument.wordprocessingml.document', 39, '2026-06-17 20:14:46', '2026-06-17 20:14:46'),
(68, 130, '31. GFPI-F-023_Formato_Planeacion_seguimiento_Proyecto mascotas.docx', 'documents/4/130/7OlvwHu0OcY0WdDZrXtffraVEOlciSTay80oZMYH.docx', 'application/vnd.openxmlformats-officedocument.wordprocessingml.document', 39, '2026-06-17 20:14:46', '2026-06-17 20:14:46'),
(69, 130, '31. GFPI-F-023_Formato_Planeacion_seguimiento_restaurante escolar.docx', 'documents/4/130/v8Y617RRV2EXRaxSsUfkRWPDzVsfcVbCelerJktc.docx', 'application/vnd.openxmlformats-officedocument.wordprocessingml.document', 39, '2026-06-17 20:14:46', '2026-06-17 20:14:46'),
(70, 130, '31. GFPI-F-023_Formato_Planeacion_seguimiento_Servicios Variados.docx', 'documents/4/130/sjYLR5v0fODIm5O70JHdQh3oBC56jJIBMSYSS69K.docx', 'application/vnd.openxmlformats-officedocument.wordprocessingml.document', 39, '2026-06-17 20:14:46', '2026-06-17 20:14:46'),
(71, 130, '31. GFPI-F-023_Formato_Planeacion_seguimiento_StudyMind .docx', 'documents/4/130/xoWSDPrZhP9LeS6mwy0fYCqFkZ3Ozi5gNH6XWu78.docx', 'application/vnd.openxmlformats-officedocument.wordprocessingml.document', 39, '2026-06-17 20:14:46', '2026-06-17 20:14:46'),
(72, 130, '31. GFPI-F-023_Formato_Planeacion_seguimiento_Trabajo asistencia deportivo.docx', 'documents/4/130/mvuPa4Su35mcg4WYaKrToXrfRwtdIZZeQVViLSrj.docx', 'application/vnd.openxmlformats-officedocument.wordprocessingml.document', 39, '2026-06-17 20:14:46', '2026-06-17 20:14:46'),
(73, 130, '31. GFPI-F-023_Formato_Planeacion_seguimiento_y_evaluacion_etapa_productiva.docx', 'documents/4/130/AhQ65Ibg4RlswG0PSEg29zj9RZF1aFc22T4LMZmY.docx', 'application/vnd.openxmlformats-officedocument.wordprocessingml.document', 39, '2026-06-17 20:14:46', '2026-06-17 20:14:46'),
(74, 131, 'Asistencia_Ficha3171584_2026 (1).xlsx', 'documents/4/131/PBG9wd0RsvrFPg8TBUxxdjPqlzDGVQ4LFMU0FL2H.xlsx', 'application/vnd.openxmlformats-officedocument.spreadsheetml.sheet', 39, '2026-06-17 21:15:46', '2026-06-17 21:15:46'),
(75, 113, 'Actividad individual.docx', 'documents/4/113/K2TMaGfDPWox7YVeZioY74r4egWQ3CXGFkvyiS6h.docx', 'application/vnd.openxmlformats-officedocument.wordprocessingml.document', 39, '2026-06-19 21:42:24', '2026-06-19 21:42:24'),
(83, 199, '1. Acta de inicio -Convenio No.036 de 2020 - Municipio de Rionegro..pdf', 'documents/7/199/9CV25H1O1vPnmNEyguwSw6jbCDPfI38LLpPI5YHl.pdf', 'application/pdf', 39, '2026-06-20 02:06:41', '2026-06-20 02:06:41'),
(84, 199, '1. Convenio No 4255107- SEDUCA.pdf', 'documents/7/199/NIWRkjVReUc9hJG9pY3Qdctt2jEPHKYZCCM7geSn.pdf', 'application/pdf', 39, '2026-06-20 02:06:41', '2026-06-20 02:06:41'),
(85, 199, '1. Convenio No.036 de 2020 - Municipio de Rionegro.pdf', 'documents/7/199/4mpHVqJJxgbMZPAqazPzBzoTAR9IxSCpaq5YTlr6.pdf', 'application/pdf', 39, '2026-06-20 02:06:41', '2026-06-20 02:06:41'),
(86, 200, '2. plan operativo.pdf', 'documents/7/200/H6AuF4LahUljLbIDBwDSuRoiowQqchaoHKgYPG8i.pdf', 'application/pdf', 39, '2026-06-20 02:07:03', '2026-06-20 02:07:03'),
(87, 201, '3. Acta_documentos_Registro y Certificación.pdf', 'documents/7/201/fWoqaI7wTE5iB8PIQzz76v0Sz0SNl5zE6mkLLIFD.pdf', 'application/pdf', 39, '2026-06-20 02:07:22', '2026-06-20 02:07:22'),
(88, 202, '4. carta solicitud de matricula.pdf', 'documents/7/202/qgofKyFZFofTIsNLEgnfDk1437Si8NkRr8Vhf14N.pdf', 'application/pdf', 39, '2026-06-20 02:07:44', '2026-06-20 02:07:44'),
(89, 202, '4. Comunicado IETISA.pdf', 'documents/7/202/2V3OrrTfVquRd4DJG3Dswe7phOvyM4PtdP2FQubm.pdf', 'application/pdf', 39, '2026-06-20 02:07:44', '2026-06-20 02:07:44'),
(90, 203, '3171282_Desarrollo de la Ruta de Aprendizaje.xlsx', 'documents/7/203/HwTVqcWsmw5Q88cVNGH6jzcHk2A5TGmBZb6B5BqN.xlsx', 'application/vnd.openxmlformats-officedocument.spreadsheetml.sheet', 39, '2026-06-20 02:13:22', '2026-06-20 02:13:22'),
(91, 204, '6. GD-F-007 Acta Transferencia Institucional.docx', 'documents/7/204/5PHWUGrwVX8HIUtkRrQW761v05qxRaDqlc0wucFO.docx', 'application/vnd.openxmlformats-officedocument.wordprocessingml.document', 39, '2026-06-20 02:13:44', '2026-06-20 02:13:44'),
(92, 205, '7. acta de crucede malla IETISA.pdf', 'documents/7/205/R09qTUO4fpQC8tZj0hNk0HdfuOaGdWbndQ3wvCOq.pdf', 'application/pdf', 39, '2026-06-20 02:14:01', '2026-06-20 02:14:01'),
(93, 206, '8. 035 ietisa 10 2025.pdf', 'documents/7/206/0DrpcSRpAQoROh2GrlK8cnM4BIX0Rifrldi9YxLx.pdf', 'application/pdf', 39, '2026-06-20 02:14:17', '2026-06-20 02:14:17'),
(94, 207, '9. GPFI-F-134 Planeacion Pedagógica Proyecto Formativo.xlsx', 'documents/7/207/OPcCNw7ha87hxLM6tDu7Q2dbTSgmSkropOftQ0T8.xlsx', 'application/vnd.openxmlformats-officedocument.spreadsheetml.sheet', 39, '2026-06-20 02:14:34', '2026-06-20 02:14:34'),
(95, 208, '10. GD-F-007 Acta Inducción-Reinducción.pdf', 'documents/7/208/tVQNmHKqPJG6G9Ea9kHb4dYwfcwrcTbjCT1Ft6lx.pdf', 'application/pdf', 39, '2026-06-20 02:14:56', '2026-06-20 02:14:56'),
(96, 209, '1. GD-F-007 Acta Inducción Instructores.docx', 'documents/7/209/QKkvXKEwVabrwsJXWfwzYjShuidjHt4fvfMFFCN2.docx', 'application/vnd.openxmlformats-officedocument.wordprocessingml.document', 39, '2026-06-20 02:15:27', '2026-06-20 02:15:27'),
(97, 210, '12. GFPI-PL-004_Plantilla_Acta_de_Compromiso.pdf', 'documents/7/210/Qbwgzwamns1bOmTtZXDQHU98WQTISwMaHttydqEp.pdf', 'application/pdf', 39, '2026-06-20 02:15:49', '2026-06-20 02:15:49'),
(98, 211, '13. Comunicado IETISA.pdf', 'documents/7/211/XNwTYaXbxL38qVApURnXp5WF7fNsYtNdDA7fx9h4.pdf', 'application/pdf', 39, '2026-06-20 02:16:13', '2026-06-20 02:16:13'),
(99, 211, '13. planilla asistencia.pdf', 'documents/7/211/Y9ITBtDGq1Nl85obey4Wir7Cfh0aI5voHETvhsaX.pdf', 'application/pdf', 39, '2026-06-20 02:16:13', '2026-06-20 02:16:13'),
(100, 212, '14. Acta_documentos_Registro y Certificación.pdf', 'documents/7/212/6kYvPc4DsFTfnlalnXUMUokfJtCfZqZlApp0Xm16.pdf', 'application/pdf', 39, '2026-06-20 02:16:50', '2026-06-20 02:16:50'),
(101, 212, '14. GFPI-F-015_Formato_Compromiso_del_Aprendiz_V2.pdf', 'documents/7/212/TrNQUgNl5yYYIsa2IF7QU3f53IYYYeh3KUO3KsXX.pdf', 'application/pdf', 39, '2026-06-20 02:16:50', '2026-06-20 02:16:50'),
(102, 213, '15. Acta_documentos_Registro y Certificación.pdf', 'documents/7/213/p3tp7x7VPObCvnKI1qjCIjYpOnNOtjnY2d5b7npz.pdf', 'application/pdf', 39, '2026-06-20 02:17:06', '2026-06-20 02:17:06'),
(103, 214, '16.1. GD-F-007_Acta de Seguimiento Académico.pdf', 'documents/7/214/V4eXFcbSTgXW7unqBKjdp494M4o0XqHkPNqc7nTZ.pdf', 'application/pdf', 39, '2026-06-20 02:17:25', '2026-06-20 02:17:25'),
(104, 214, '16.2. GD-F-007_Acta de Seguimiento Académico.pdf', 'documents/7/214/O5qr2inTtabbMrIZqiA29WD7OsjDsSU0MHhakylz.pdf', 'application/pdf', 39, '2026-06-20 02:17:25', '2026-06-20 02:17:25'),
(105, 217, 'ALEJANDRO MONTOYA ARISTIZABAL_Grado10.xlsx', 'documents/7/217/mgSGMw9ZDg0k1XP8D5InLsmfGZc4bkxw0P9zrjEg.xlsx', 'application/vnd.openxmlformats-officedocument.spreadsheetml.sheet', 39, '2026-06-20 02:19:47', '2026-06-20 02:19:47'),
(106, 217, 'ALEJANDRO VALENCIA GIRALDO_Grado10.xlsx', 'documents/7/217/iinxGUCXLswVEpqZvUvZndZkZqc0n9NFdPVCU43b.xlsx', 'application/vnd.openxmlformats-officedocument.spreadsheetml.sheet', 39, '2026-06-20 02:19:47', '2026-06-20 02:19:47'),
(107, 217, 'CAMILO GIRALDO MONTOYA_Grado10.xlsx', 'documents/7/217/YO9Lsv2mWSvJtzbXno8BrF3lFzEVyeo9vFz4zbia.xlsx', 'application/vnd.openxmlformats-officedocument.spreadsheetml.sheet', 39, '2026-06-20 02:19:47', '2026-06-20 02:19:47'),
(108, 217, 'CINDY TATIANA SANCHEZ ORTIZ_Grado10.xlsx', 'documents/7/217/Sb7KSDlusxzt4pjLXHgR81rAYLTudwG06ZKropZ8.xlsx', 'application/vnd.openxmlformats-officedocument.spreadsheetml.sheet', 39, '2026-06-20 02:19:47', '2026-06-20 02:19:47'),
(109, 217, 'CRISTIAN ARLEY PALMA CASTRO_Grado10.xlsx', 'documents/7/217/mUaRcHkEGFUClQ9TuaYk6RcwyOkuqdrIkuvKrI1K.xlsx', 'application/vnd.openxmlformats-officedocument.spreadsheetml.sheet', 39, '2026-06-20 02:19:47', '2026-06-20 02:19:47'),
(110, 217, 'CRISTOPHER BEDOYA GONZALEZ_Grado10.xlsx', 'documents/7/217/EICGqKbYCQHRtm79LVGZ3qAyxLw1OuWc9yC1tVS7.xlsx', 'application/vnd.openxmlformats-officedocument.spreadsheetml.sheet', 39, '2026-06-20 02:19:47', '2026-06-20 02:19:47'),
(111, 217, 'DANIEL ANDRES RODRIGUEZ RODRIGUEZ_Grado10.xlsx', 'documents/7/217/KUaxlD6QE9QhiXE70kHqxxub8YcVHRtl08ihKrp2.xlsx', 'application/vnd.openxmlformats-officedocument.spreadsheetml.sheet', 39, '2026-06-20 02:19:47', '2026-06-20 02:19:47'),
(112, 217, 'DIDIER ALEXANDER TORO VILLA_Grado10.xlsx', 'documents/7/217/JIldfVwCvkRCu9PwpPgtk2D9HvWwIAKztVNUObdk.xlsx', 'application/vnd.openxmlformats-officedocument.spreadsheetml.sheet', 39, '2026-06-20 02:19:47', '2026-06-20 02:19:47'),
(113, 217, 'EMMANUEL GARCÍA OSPINA_Grado10.xlsx', 'documents/7/217/2lnQUtL9LIMvVwHUsTN4aaR2zbFVf4K4aQe4NdnN.xlsx', 'application/vnd.openxmlformats-officedocument.spreadsheetml.sheet', 39, '2026-06-20 02:19:47', '2026-06-20 02:19:47'),
(114, 217, 'ESTEFANÍA RESTREPO AGUDELO_Grado10.xlsx', 'documents/7/217/2u0EuzLi1E6iZUfBk8Z87EbDTyJY2nO0RCPkcvhU.xlsx', 'application/vnd.openxmlformats-officedocument.spreadsheetml.sheet', 39, '2026-06-20 02:19:47', '2026-06-20 02:19:47'),
(115, 217, 'JERONIMO OCAMPO RENDON_Grado10.xlsx', 'documents/7/217/8yzQeBrquOYdsgMJzAvjKP0DwQ2ouEAO6AAWjLSj.xlsx', 'application/vnd.openxmlformats-officedocument.spreadsheetml.sheet', 39, '2026-06-20 02:19:47', '2026-06-20 02:19:47'),
(116, 217, 'JOSE MANUEL MEJIA BEDOYA_Grado10.xlsx', 'documents/7/217/IjheoATcSS8L5N0C2jTy6N0UZwgbe1m0KHcBwyvz.xlsx', 'application/vnd.openxmlformats-officedocument.spreadsheetml.sheet', 39, '2026-06-20 02:19:47', '2026-06-20 02:19:47'),
(117, 217, 'JOSE SANTIAGO RUIZ BENAVIDES_Grado10.xlsx', 'documents/7/217/qZjiv2lMT21S1m2qXEMZRCf2ZgYK1OvCvdz3z96m.xlsx', 'application/vnd.openxmlformats-officedocument.spreadsheetml.sheet', 39, '2026-06-20 02:19:47', '2026-06-20 02:19:47'),
(118, 217, 'JUAN JOSE RAMIREZ MONTOYA_Grado10.xlsx', 'documents/7/217/LSWZjamrShguqKqx3J5gyS3knfStuhOalcR3j0p8.xlsx', 'application/vnd.openxmlformats-officedocument.spreadsheetml.sheet', 39, '2026-06-20 02:19:47', '2026-06-20 02:19:47'),
(119, 217, 'JUAN MANUEL VASCO VARGAS_Grado10.xlsx', 'documents/7/217/jNFnz9qnkJsRuU8IJbkwh9mPa3CukXsVbvbyz5xx.xlsx', 'application/vnd.openxmlformats-officedocument.spreadsheetml.sheet', 39, '2026-06-20 02:19:47', '2026-06-20 02:19:47'),
(120, 217, 'JUAN PABLO GÓMEZ CARDONA_Grado10.xlsx', 'documents/7/217/GauXSIbe8EDlNwT6Ss5CuYeJVh3EHs0WDXvgNiC8.xlsx', 'application/vnd.openxmlformats-officedocument.spreadsheetml.sheet', 39, '2026-06-20 02:19:47', '2026-06-20 02:19:47'),
(121, 217, 'KEVIN ESTIVEN MONTOYA GIRALDO_Grado10.xlsx', 'documents/7/217/O6iZfhY4TTq3Q38jKuiWBLcavHLY0101bUD6MLZa.xlsx', 'application/vnd.openxmlformats-officedocument.spreadsheetml.sheet', 39, '2026-06-20 02:19:47', '2026-06-20 02:19:47'),
(122, 217, 'MARIA PAZ GONZALEZ RIOS_Grado10.xlsx', 'documents/7/217/hqmR4PUJRYsFm5FXHAdZpde9xZejjg5VAn6nTRKA.xlsx', 'application/vnd.openxmlformats-officedocument.spreadsheetml.sheet', 39, '2026-06-20 02:19:47', '2026-06-20 02:19:47'),
(123, 217, 'MATIAS OCAMPO VALENCIA_Grado10.xlsx', 'documents/7/217/UivPs740pQ0qtyDBpS1RHI2a73xlhjUu38g6b1OC.xlsx', 'application/vnd.openxmlformats-officedocument.spreadsheetml.sheet', 39, '2026-06-20 02:19:47', '2026-06-20 02:19:47'),
(124, 217, 'MIGUEL ANGEL GIRALDO_Grado10.xlsx', 'documents/7/217/OtBkeLMkF314kP4D3FGgNH4oIGbE22taheG4f50R.xlsx', 'application/vnd.openxmlformats-officedocument.spreadsheetml.sheet', 39, '2026-06-20 02:19:48', '2026-06-20 02:19:48'),
(125, 219, '21. Socializacion IETISA.pdf', 'documents/7/219/zp01fpf0Mslqw0lS3PLx7gHzxdFZP78EwJyJrxW5.pdf', 'application/pdf', 39, '2026-06-20 02:21:10', '2026-06-20 02:21:10'),
(126, 219, 'CamScanner 05-12-2024 14.53.pdf', 'documents/7/219/Uo4hU1WYnve9lT4RxNSO4UJtzAsm74EJllatai2c.pdf', 'application/pdf', 39, '2026-06-20 02:21:10', '2026-06-20 02:21:10'),
(127, 220, '22. acta falta de documento.pdf', 'documents/7/220/lli1Silxk9FLiUrnAKPDl9vKkjQ14a1PdOnKHRC5.pdf', 'application/pdf', 39, '2026-06-20 02:22:01', '2026-06-20 02:22:01'),
(128, 221, '23. GFPI-F-033_Formato_Autodiagnostico_IE.pdf', 'documents/7/221/bELqI9w2ZIKBD9gKrh5tKh18VwXUkumv7S0nTvJy.pdf', 'application/pdf', 39, '2026-06-20 02:22:25', '2026-06-20 02:22:25'),
(129, 227, 'Analisis_GFPI-F-135_Formato_Guia_de_Aprendizaje - Inducción.pdf', 'documents/7/227/6bcnuXMFZmWGckGqoq4Z9GBumol60waCaJJbPU25.pdf', 'application/pdf', 39, '2026-06-20 02:24:39', '2026-06-20 02:24:39'),
(130, 227, 'Ejecución_GFPI-F-135_Formato_Guia_de_Aprendizaje - Algoritmos.pdf', 'documents/7/227/WK3PfxEgf4lNMnV9oxGFNbh3YRuTnHTBXNJskzWL.pdf', 'application/pdf', 39, '2026-06-20 02:24:39', '2026-06-20 02:24:39'),
(131, 227, 'Evaluación_GFPI-F-135_Formato_Guia_de_Aprendizaje - Maquetación Web.pdf', 'documents/7/227/L8hRejIcP82THmbe20F2fZLmGfoVjpfNyuRRhxrm.pdf', 'application/pdf', 39, '2026-06-20 02:24:39', '2026-06-20 02:24:39'),
(132, 227, 'Planeación_GFPI-F-135_Formato_Guia_de_Aprendizaje - Bases de Datos.pdf', 'documents/7/227/JwlP8VyaS1lVB7vXhSFftf6poIDdjj3gyVIMGLB8.pdf', 'application/pdf', 39, '2026-06-20 02:24:39', '2026-06-20 02:24:39');

-- --------------------------------------------------------

--
-- Estructura de tabla para la tabla `failed_jobs`
--

CREATE TABLE `failed_jobs` (
  `id` bigint(20) UNSIGNED NOT NULL,
  `uuid` varchar(255) NOT NULL,
  `connection` text NOT NULL,
  `queue` text NOT NULL,
  `payload` longtext NOT NULL,
  `exception` longtext NOT NULL,
  `failed_at` timestamp NOT NULL DEFAULT current_timestamp()
) ENGINE=InnoDB DEFAULT CHARSET=utf8mb4 COLLATE=utf8mb4_unicode_ci;

-- --------------------------------------------------------

--
-- Estructura de tabla para la tabla `fichas`
--

CREATE TABLE `fichas` (
  `id` bigint(20) UNSIGNED NOT NULL,
  `numero` varchar(255) NOT NULL,
  `program_id` bigint(20) UNSIGNED NOT NULL,
  `institucion` varchar(255) NOT NULL,
  `municipio` varchar(255) NOT NULL,
  `created_at` timestamp NULL DEFAULT NULL,
  `updated_at` timestamp NULL DEFAULT NULL
) ENGINE=InnoDB DEFAULT CHARSET=utf8mb4 COLLATE=utf8mb4_unicode_ci;

--
-- Volcado de datos para la tabla `fichas`
--

INSERT INTO `fichas` (`id`, `numero`, `program_id`, `institucion`, `municipio`, `created_at`, `updated_at`) VALUES
(4, '3171584', 2, 'IE Concejo Municipal', 'La Ceja', '2026-06-02 20:20:47', '2026-06-02 20:20:47'),
(5, '3435294', 2, 'IE san Jose', 'Marinilla', '2026-06-03 01:49:06', '2026-06-03 01:49:06'),
(6, '3435388', 2, 'IETISA', 'Rionegro', '2026-06-03 20:20:00', '2026-06-03 20:20:00'),
(7, '3171282', 2, 'IETISA', 'Rionegro', '2026-06-03 23:21:52', '2026-06-03 23:21:52'),
(8, '3171158', 2, 'IE san Jose', 'Marinilla', '2026-06-05 00:09:10', '2026-06-05 00:09:10'),
(9, '3171250', 2, 'IE Roman Gomez', 'Marinilla', '2026-06-10 19:38:47', '2026-06-10 19:38:47');

-- --------------------------------------------------------

--
-- Estructura de tabla para la tabla `folders`
--

CREATE TABLE `folders` (
  `id` bigint(20) UNSIGNED NOT NULL,
  `name` varchar(255) NOT NULL,
  `position` tinyint(3) UNSIGNED NOT NULL,
  `ficha_id` bigint(20) UNSIGNED NOT NULL,
  `status` enum('sin_subir','en_revision','aprobado','rechazado','pendiente_subir') DEFAULT 'sin_subir',
  `responsible_role` enum('coordinacion','instructor') NOT NULL DEFAULT 'instructor',
  `rejection_comment` text DEFAULT NULL,
  `reviewed_by` bigint(20) UNSIGNED DEFAULT NULL,
  `reviewed_at` timestamp NULL DEFAULT NULL,
  `created_at` timestamp NULL DEFAULT NULL,
  `updated_at` timestamp NULL DEFAULT NULL
) ENGINE=InnoDB DEFAULT CHARSET=utf8mb4 COLLATE=utf8mb4_unicode_ci;

--
-- Volcado de datos para la tabla `folders`
--

INSERT INTO `folders` (`id`, `name`, `position`, `ficha_id`, `status`, `responsible_role`, `rejection_comment`, `reviewed_by`, `reviewed_at`, `created_at`, `updated_at`) VALUES
(100, 'Plantilla de Minuta Articulación con la Media', 1, 4, 'en_revision', 'coordinacion', NULL, 2, '2026-06-03 02:35:01', '2026-06-02 20:20:47', '2026-06-17 19:12:25'),
(101, 'Plan operativo', 2, 4, 'en_revision', 'coordinacion', NULL, NULL, NULL, '2026-06-02 20:20:47', '2026-06-03 02:43:22'),
(102, 'Ficha de Apertura', 3, 4, 'en_revision', 'coordinacion', NULL, NULL, NULL, '2026-06-02 20:20:47', '2026-06-17 19:14:14'),
(103, 'Relación de Estudiantes Que Ingresan al Programa - Comunicado Radicado para Matricula', 4, 4, 'en_revision', 'instructor', NULL, NULL, NULL, '2026-06-02 20:20:47', '2026-06-17 19:14:56'),
(104, 'Plantilla Plan de Trabajo Concertado / Desarrollo de la Ruta de Aprendizaje (Macro)', 5, 4, 'en_revision', 'instructor', NULL, NULL, NULL, '2026-06-02 20:20:47', '2026-06-17 19:20:41'),
(105, 'GOR-F-084 V2: Acta Transferencia Institucional', 6, 4, 'en_revision', 'coordinacion', NULL, NULL, NULL, '2026-06-02 20:20:47', '2026-06-17 19:21:08'),
(106, 'GOR-F-084: Acta Articulación Currículo Educación Media', 7, 4, 'en_revision', 'instructor', NULL, NULL, NULL, '2026-06-02 20:20:47', '2026-06-17 19:21:27'),
(107, 'GFPI-F-035: Formato Articulación Currículo Educación Media', 8, 4, 'en_revision', 'instructor', NULL, NULL, NULL, '2026-06-02 20:20:47', '2026-06-17 19:21:51'),
(108, 'GFPI-F-134: Planeación Pedagógica del Proyecto Formativo', 9, 4, 'en_revision', 'instructor', NULL, NULL, NULL, '2026-06-02 20:20:47', '2026-06-17 19:22:09'),
(109, 'GOR-F-084: Acta Inducción y Reinducción Aprendices', 10, 4, 'en_revision', 'instructor', NULL, NULL, NULL, '2026-06-02 20:20:47', '2026-06-17 19:22:48'),
(110, 'GOR-F-084 V2: Acta Inducción Instructor', 11, 4, 'en_revision', 'coordinacion', NULL, NULL, NULL, '2026-06-02 20:20:47', '2026-06-17 19:38:32'),
(111, 'Lineamientos de Articulación / Acta de Compromiso', 12, 4, 'en_revision', 'coordinacion', NULL, NULL, NULL, '2026-06-02 20:20:47', '2026-06-17 19:39:20'),
(112, 'GFPI-PL-001: Planilla Asistencia de Matricula', 13, 4, 'en_revision', 'instructor', NULL, NULL, NULL, '2026-06-02 20:20:47', '2026-06-17 19:39:39'),
(113, 'GFPI-F-015: Formato Compromiso del Aprendiz V2', 14, 4, 'en_revision', 'instructor', NULL, NULL, NULL, '2026-06-02 20:20:47', '2026-06-17 19:40:23'),
(114, 'Fotocopia del documento de identidad', 15, 4, 'en_revision', 'instructor', NULL, NULL, NULL, '2026-06-02 20:20:47', '2026-06-17 19:40:42'),
(115, 'Acta de Evaluación y Seguimiento', 16, 4, 'pendiente_subir', 'instructor', 'Falta escanear acta de seguimiento Mariana Grisales', 39, '2026-06-17 20:06:44', '2026-06-02 20:20:47', '2026-06-17 20:06:44'),
(116, 'GOR-F-084 V2: Acta Socialización Inicio Etapa Productiva', 17, 4, 'pendiente_subir', 'instructor', 'Se realiza despues de vacasiones', 39, '2026-06-17 20:06:57', '2026-06-02 20:20:47', '2026-06-17 20:06:57'),
(117, 'Plantilla Alternativa Etapa Práctica', 18, 4, 'pendiente_subir', 'instructor', 'Se realiza despues de vacasiones', 39, '2026-06-17 20:07:02', '2026-06-02 20:20:47', '2026-06-17 20:07:02'),
(118, 'GFPI-F-147: Formato Bitácora Etapa Productiva', 19, 4, 'pendiente_subir', 'instructor', 'Faltan de este año', 39, '2026-06-17 20:07:08', '2026-06-02 20:20:47', '2026-06-17 20:07:08'),
(119, 'GOR-F-084 V2: Acta Socialización Encadenamiento - Cronograma Divulgación en IE', 20, 4, 'pendiente_subir', 'instructor', 'Se realiza a final de año', 39, '2026-06-17 20:07:15', '2026-06-02 20:20:47', '2026-06-17 20:07:15'),
(120, 'Acta de socialización del programa - Sensibilización', 21, 4, 'en_revision', 'instructor', NULL, NULL, NULL, '2026-06-02 20:20:47', '2026-06-17 20:00:07'),
(121, 'Verificación del cumplimiento - GOR-F-084 V2: Acta Concepto Técnico', 22, 4, 'en_revision', 'instructor', NULL, NULL, NULL, '2026-06-02 20:20:47', '2026-06-17 20:00:59'),
(122, 'GFPI-F-033: Autodiagnóstico de la Institución Educativa', 23, 4, 'en_revision', 'instructor', NULL, NULL, NULL, '2026-06-02 20:20:47', '2026-06-17 20:01:44'),
(123, 'Paz y Salvo del Aprendiz - Certificación Etapa Productiva - Carta Solicitud Certificación', 24, 4, 'pendiente_subir', 'instructor', 'Se realiza a final de año', 39, '2026-06-17 20:07:21', '2026-06-02 20:20:47', '2026-06-17 20:07:21'),
(124, 'Informe Estadístico Certificación y Deserción', 25, 4, 'en_revision', 'coordinacion', NULL, NULL, NULL, '2026-06-02 20:20:47', '2026-06-17 20:11:24'),
(125, 'Plantilla Juicios Áreas Transversales como Promover - Inglés', 26, 4, 'pendiente_subir', 'instructor', 'Se sube a fin de año', 39, '2026-06-17 20:11:45', '2026-06-02 20:20:47', '2026-06-17 20:11:45'),
(126, 'Plantilla Juicios Áreas Transversales Programas Versión Nueva', 27, 4, 'pendiente_subir', 'instructor', 'Se sube a fin de año', 39, '2026-06-17 20:12:03', '2026-06-02 20:20:47', '2026-06-17 20:12:03'),
(127, 'GOR-F-084 V2: Acta Evaluación de la Ejecución Once', 28, 4, 'pendiente_subir', 'instructor', 'Se sube a fin de año', 39, '2026-06-17 20:12:27', '2026-06-02 20:20:47', '2026-06-17 20:12:27'),
(128, 'GFPI-F-135 V04: Guía de aprendizaje', 29, 4, 'pendiente_subir', 'instructor', 'Falta revisar guias', 39, '2026-06-17 20:13:17', '2026-06-02 20:20:47', '2026-06-17 20:13:17'),
(129, 'GOR-F-084 V2: Formato Acta, Planes de Mejoramiento', 30, 4, 'pendiente_subir', 'instructor', 'N/A', 39, '2026-06-17 20:13:32', '2026-06-02 20:20:47', '2026-06-17 20:13:32'),
(130, 'GFPI-F-023 V04: Formato Planeación, Seguimiento y Evaluación Etapa Productiva', 31, 4, 'en_revision', 'instructor', NULL, NULL, NULL, '2026-06-02 20:20:47', '2026-06-17 20:14:46'),
(131, 'Planilla Registro de Asistencia', 32, 4, 'en_revision', 'instructor', NULL, NULL, NULL, '2026-06-02 20:20:47', '2026-06-17 21:15:46'),
(132, 'Reporte de Juicios Evaluativos', 33, 4, 'en_revision', 'instructor', NULL, NULL, NULL, '2026-06-02 20:20:47', '2026-06-16 20:38:40'),
(133, 'Plantilla de Minuta Articulación con la Media', 1, 5, 'sin_subir', 'coordinacion', NULL, NULL, NULL, '2026-06-03 01:49:06', '2026-06-20 02:05:25'),
(134, 'Plan operativo', 2, 5, 'sin_subir', 'coordinacion', NULL, NULL, NULL, '2026-06-03 01:49:06', '2026-06-20 02:05:33'),
(135, 'Ficha de Apertura', 3, 5, 'sin_subir', 'coordinacion', NULL, NULL, NULL, '2026-06-03 01:49:06', '2026-06-20 02:05:43'),
(136, 'Relación de Estudiantes Que Ingresan al Programa - Comunicado Radicado para Matricula', 4, 5, 'sin_subir', 'instructor', NULL, NULL, NULL, '2026-06-03 01:49:06', '2026-06-20 02:05:51'),
(137, 'Plantilla Plan de Trabajo Concertado / Desarrollo de la Ruta de Aprendizaje (Macro)', 5, 5, 'sin_subir', 'instructor', NULL, NULL, NULL, '2026-06-03 01:49:06', '2026-06-03 01:49:06'),
(138, 'GOR-F-084 V2: Acta Transferencia Institucional', 6, 5, 'sin_subir', 'coordinacion', NULL, NULL, NULL, '2026-06-03 01:49:06', '2026-06-03 01:49:06'),
(139, 'GOR-F-084: Acta Articulación Currículo Educación Media', 7, 5, 'sin_subir', 'instructor', NULL, NULL, NULL, '2026-06-03 01:49:06', '2026-06-03 01:49:06'),
(140, 'GFPI-F-035: Formato Articulación Currículo Educación Media', 8, 5, 'sin_subir', 'instructor', NULL, NULL, NULL, '2026-06-03 01:49:06', '2026-06-03 01:49:06'),
(141, 'GFPI-F-134: Planeación Pedagógica del Proyecto Formativo', 9, 5, 'sin_subir', 'instructor', NULL, NULL, NULL, '2026-06-03 01:49:06', '2026-06-03 01:49:06'),
(142, 'GOR-F-084: Acta Inducción y Reinducción Aprendices', 10, 5, 'sin_subir', 'instructor', NULL, NULL, NULL, '2026-06-03 01:49:06', '2026-06-03 01:49:06'),
(143, 'GOR-F-084 V2: Acta Inducción Instructor', 11, 5, 'sin_subir', 'coordinacion', NULL, NULL, NULL, '2026-06-03 01:49:06', '2026-06-03 01:49:06'),
(144, 'Lineamientos de Articulación / Acta de Compromiso', 12, 5, 'sin_subir', 'coordinacion', NULL, NULL, NULL, '2026-06-03 01:49:06', '2026-06-03 01:49:06'),
(145, 'GFPI-PL-001: Planilla Asistencia de Matricula', 13, 5, 'sin_subir', 'instructor', NULL, NULL, NULL, '2026-06-03 01:49:06', '2026-06-03 01:49:06'),
(146, 'GFPI-F-015: Formato Compromiso del Aprendiz V2', 14, 5, 'sin_subir', 'instructor', NULL, NULL, NULL, '2026-06-03 01:49:06', '2026-06-03 01:49:06'),
(147, 'Fotocopia del documento de identidad', 15, 5, 'sin_subir', 'instructor', NULL, NULL, NULL, '2026-06-03 01:49:06', '2026-06-03 01:49:06'),
(148, 'Acta de Evaluación y Seguimiento', 16, 5, 'sin_subir', 'instructor', NULL, NULL, NULL, '2026-06-03 01:49:06', '2026-06-03 01:49:06'),
(149, 'GOR-F-084 V2: Acta Socialización Inicio Etapa Productiva', 17, 5, 'sin_subir', 'instructor', NULL, NULL, NULL, '2026-06-03 01:49:06', '2026-06-03 01:49:06'),
(150, 'Plantilla Alternativa Etapa Práctica', 18, 5, 'sin_subir', 'instructor', NULL, NULL, NULL, '2026-06-03 01:49:06', '2026-06-03 01:49:06'),
(151, 'GFPI-F-147: Formato Bitácora Etapa Productiva', 19, 5, 'sin_subir', 'instructor', NULL, NULL, NULL, '2026-06-03 01:49:06', '2026-06-03 01:49:06'),
(152, 'GOR-F-084 V2: Acta Socialización Encadenamiento - Cronograma Divulgación en IE', 20, 5, 'sin_subir', 'instructor', NULL, NULL, NULL, '2026-06-03 01:49:06', '2026-06-03 01:49:06'),
(153, 'Acta de socialización del programa - Sensibilización', 21, 5, 'sin_subir', 'instructor', NULL, NULL, NULL, '2026-06-03 01:49:06', '2026-06-03 01:49:06'),
(154, 'Verificación del cumplimiento - GOR-F-084 V2: Acta Concepto Técnico', 22, 5, 'sin_subir', 'instructor', NULL, NULL, NULL, '2026-06-03 01:49:06', '2026-06-03 01:49:06'),
(155, 'GFPI-F-033: Autodiagnóstico de la Institución Educativa', 23, 5, 'sin_subir', 'instructor', NULL, NULL, NULL, '2026-06-03 01:49:06', '2026-06-03 01:49:06'),
(156, 'Paz y Salvo del Aprendiz - Certificación Etapa Productiva - Carta Solicitud Certificación', 24, 5, 'sin_subir', 'instructor', NULL, NULL, NULL, '2026-06-03 01:49:06', '2026-06-03 01:49:06'),
(157, 'Informe Estadístico Certificación y Deserción', 25, 5, 'sin_subir', 'coordinacion', NULL, NULL, NULL, '2026-06-03 01:49:06', '2026-06-03 01:49:06'),
(158, 'Plantilla Juicios Áreas Transversales como Promover - Inglés', 26, 5, 'sin_subir', 'instructor', NULL, NULL, NULL, '2026-06-03 01:49:06', '2026-06-03 01:49:06'),
(159, 'Plantilla Juicios Áreas Transversales Programas Versión Nueva', 27, 5, 'sin_subir', 'instructor', NULL, NULL, NULL, '2026-06-03 01:49:06', '2026-06-03 01:49:06'),
(160, 'GOR-F-084 V2: Acta Evaluación de la Ejecución Once', 28, 5, 'sin_subir', 'instructor', NULL, NULL, NULL, '2026-06-03 01:49:06', '2026-06-03 01:49:06'),
(161, 'GFPI-F-135 V04: Guía de aprendizaje', 29, 5, 'sin_subir', 'instructor', NULL, NULL, NULL, '2026-06-03 01:49:06', '2026-06-03 01:49:06'),
(162, 'GOR-F-084 V2: Formato Acta, Planes de Mejoramiento', 30, 5, 'sin_subir', 'instructor', NULL, NULL, NULL, '2026-06-03 01:49:06', '2026-06-03 01:49:06'),
(163, 'GFPI-F-023 V04: Formato Planeación, Seguimiento y Evaluación Etapa Productiva', 31, 5, 'sin_subir', 'instructor', NULL, NULL, NULL, '2026-06-03 01:49:06', '2026-06-03 01:49:06'),
(164, 'Planilla Registro de Asistencia', 32, 5, 'sin_subir', 'instructor', NULL, NULL, NULL, '2026-06-03 01:49:06', '2026-06-03 01:49:06'),
(165, 'Reporte de Juicios Evaluativos', 33, 5, 'en_revision', 'instructor', NULL, NULL, NULL, '2026-06-03 01:49:06', '2026-06-16 21:55:21'),
(166, 'Plantilla de Minuta Articulación con la Media', 1, 6, 'sin_subir', 'coordinacion', NULL, NULL, NULL, '2026-06-03 20:20:00', '2026-06-03 20:20:00'),
(167, 'Plan operativo', 2, 6, 'sin_subir', 'coordinacion', NULL, NULL, NULL, '2026-06-03 20:20:00', '2026-06-03 20:20:00'),
(168, 'Ficha de Apertura', 3, 6, 'sin_subir', 'coordinacion', NULL, NULL, NULL, '2026-06-03 20:20:00', '2026-06-03 20:20:00'),
(169, 'Relación de Estudiantes Que Ingresan al Programa - Comunicado Radicado para Matricula', 4, 6, 'sin_subir', 'instructor', NULL, NULL, NULL, '2026-06-03 20:20:00', '2026-06-03 20:20:00'),
(170, 'Plantilla Plan de Trabajo Concertado / Desarrollo de la Ruta de Aprendizaje (Macro)', 5, 6, 'sin_subir', 'instructor', NULL, NULL, NULL, '2026-06-03 20:20:00', '2026-06-03 20:20:00'),
(171, 'GOR-F-084 V2: Acta Transferencia Institucional', 6, 6, 'sin_subir', 'coordinacion', NULL, NULL, NULL, '2026-06-03 20:20:00', '2026-06-03 20:20:00'),
(172, 'GOR-F-084: Acta Articulación Currículo Educación Media', 7, 6, 'sin_subir', 'instructor', NULL, NULL, NULL, '2026-06-03 20:20:00', '2026-06-03 20:20:00'),
(173, 'GFPI-F-035: Formato Articulación Currículo Educación Media', 8, 6, 'sin_subir', 'instructor', NULL, NULL, NULL, '2026-06-03 20:20:00', '2026-06-03 20:20:00'),
(174, 'GFPI-F-134: Planeación Pedagógica del Proyecto Formativo', 9, 6, 'sin_subir', 'instructor', NULL, NULL, NULL, '2026-06-03 20:20:00', '2026-06-03 20:20:00'),
(175, 'GOR-F-084: Acta Inducción y Reinducción Aprendices', 10, 6, 'sin_subir', 'instructor', NULL, NULL, NULL, '2026-06-03 20:20:00', '2026-06-03 20:20:00'),
(176, 'GOR-F-084 V2: Acta Inducción Instructor', 11, 6, 'sin_subir', 'coordinacion', NULL, NULL, NULL, '2026-06-03 20:20:00', '2026-06-03 20:20:00'),
(177, 'Lineamientos de Articulación / Acta de Compromiso', 12, 6, 'sin_subir', 'coordinacion', NULL, NULL, NULL, '2026-06-03 20:20:00', '2026-06-03 20:20:00'),
(178, 'GFPI-PL-001: Planilla Asistencia de Matricula', 13, 6, 'sin_subir', 'instructor', NULL, NULL, NULL, '2026-06-03 20:20:00', '2026-06-03 20:20:00'),
(179, 'GFPI-F-015: Formato Compromiso del Aprendiz V2', 14, 6, 'sin_subir', 'instructor', NULL, NULL, NULL, '2026-06-03 20:20:00', '2026-06-03 20:20:00'),
(180, 'Fotocopia del documento de identidad', 15, 6, 'sin_subir', 'instructor', NULL, NULL, NULL, '2026-06-03 20:20:00', '2026-06-03 20:20:00'),
(181, 'Acta de Evaluación y Seguimiento', 16, 6, 'sin_subir', 'instructor', NULL, NULL, NULL, '2026-06-03 20:20:00', '2026-06-03 20:20:00'),
(182, 'GOR-F-084 V2: Acta Socialización Inicio Etapa Productiva', 17, 6, 'sin_subir', 'instructor', NULL, NULL, NULL, '2026-06-03 20:20:00', '2026-06-03 20:20:00'),
(183, 'Plantilla Alternativa Etapa Práctica', 18, 6, 'sin_subir', 'instructor', NULL, NULL, NULL, '2026-06-03 20:20:00', '2026-06-03 20:20:00'),
(184, 'GFPI-F-147: Formato Bitácora Etapa Productiva', 19, 6, 'sin_subir', 'instructor', NULL, NULL, NULL, '2026-06-03 20:20:00', '2026-06-03 20:20:00'),
(185, 'GOR-F-084 V2: Acta Socialización Encadenamiento - Cronograma Divulgación en IE', 20, 6, 'sin_subir', 'instructor', NULL, NULL, NULL, '2026-06-03 20:20:00', '2026-06-03 20:20:00'),
(186, 'Acta de socialización del programa - Sensibilización', 21, 6, 'sin_subir', 'instructor', NULL, NULL, NULL, '2026-06-03 20:20:00', '2026-06-03 20:20:00'),
(187, 'Verificación del cumplimiento - GOR-F-084 V2: Acta Concepto Técnico', 22, 6, 'sin_subir', 'instructor', NULL, NULL, NULL, '2026-06-03 20:20:00', '2026-06-03 20:20:00'),
(188, 'GFPI-F-033: Autodiagnóstico de la Institución Educativa', 23, 6, 'sin_subir', 'instructor', NULL, NULL, NULL, '2026-06-03 20:20:00', '2026-06-03 20:20:00'),
(189, 'Paz y Salvo del Aprendiz - Certificación Etapa Productiva - Carta Solicitud Certificación', 24, 6, 'sin_subir', 'instructor', NULL, NULL, NULL, '2026-06-03 20:20:00', '2026-06-03 20:20:00'),
(190, 'Informe Estadístico Certificación y Deserción', 25, 6, 'sin_subir', 'coordinacion', NULL, NULL, NULL, '2026-06-03 20:20:00', '2026-06-03 20:20:00'),
(191, 'Plantilla Juicios Áreas Transversales como Promover - Inglés', 26, 6, 'sin_subir', 'instructor', NULL, NULL, NULL, '2026-06-03 20:20:00', '2026-06-03 20:20:00'),
(192, 'Plantilla Juicios Áreas Transversales Programas Versión Nueva', 27, 6, 'sin_subir', 'instructor', NULL, NULL, NULL, '2026-06-03 20:20:00', '2026-06-03 20:20:00'),
(193, 'GOR-F-084 V2: Acta Evaluación de la Ejecución Once', 28, 6, 'sin_subir', 'instructor', NULL, NULL, NULL, '2026-06-03 20:20:00', '2026-06-03 20:20:00'),
(194, 'GFPI-F-135 V04: Guía de aprendizaje', 29, 6, 'sin_subir', 'instructor', NULL, NULL, NULL, '2026-06-03 20:20:00', '2026-06-03 20:20:00'),
(195, 'GOR-F-084 V2: Formato Acta, Planes de Mejoramiento', 30, 6, 'sin_subir', 'instructor', NULL, NULL, NULL, '2026-06-03 20:20:00', '2026-06-03 20:20:00'),
(196, 'GFPI-F-023 V04: Formato Planeación, Seguimiento y Evaluación Etapa Productiva', 31, 6, 'sin_subir', 'instructor', NULL, NULL, NULL, '2026-06-03 20:20:00', '2026-06-03 20:20:00'),
(197, 'Planilla Registro de Asistencia', 32, 6, 'sin_subir', 'instructor', NULL, NULL, NULL, '2026-06-03 20:20:00', '2026-06-03 20:20:00'),
(198, 'Reporte de Juicios Evaluativos', 33, 6, 'en_revision', 'instructor', NULL, NULL, NULL, '2026-06-03 20:20:00', '2026-06-16 21:52:34'),
(199, 'Plantilla de Minuta Articulación con la Media', 1, 7, 'en_revision', 'coordinacion', NULL, NULL, NULL, '2026-06-03 23:21:52', '2026-06-20 02:06:41'),
(200, 'Plan operativo', 2, 7, 'en_revision', 'coordinacion', NULL, NULL, NULL, '2026-06-03 23:21:52', '2026-06-20 02:07:03'),
(201, 'Ficha de Apertura', 3, 7, 'en_revision', 'coordinacion', NULL, NULL, NULL, '2026-06-03 23:21:52', '2026-06-20 02:07:22'),
(202, 'Relación de Estudiantes Que Ingresan al Programa - Comunicado Radicado para Matricula', 4, 7, 'en_revision', 'instructor', NULL, NULL, NULL, '2026-06-03 23:21:52', '2026-06-20 02:07:44'),
(203, 'Plantilla Plan de Trabajo Concertado / Desarrollo de la Ruta de Aprendizaje (Macro)', 5, 7, 'en_revision', 'instructor', NULL, NULL, NULL, '2026-06-03 23:21:52', '2026-06-20 02:13:22'),
(204, 'GOR-F-084 V2: Acta Transferencia Institucional', 6, 7, 'en_revision', 'coordinacion', NULL, NULL, NULL, '2026-06-03 23:21:52', '2026-06-20 02:13:44'),
(205, 'GOR-F-084: Acta Articulación Currículo Educación Media', 7, 7, 'en_revision', 'instructor', NULL, NULL, NULL, '2026-06-03 23:21:52', '2026-06-20 02:14:01'),
(206, 'GFPI-F-035: Formato Articulación Currículo Educación Media', 8, 7, 'en_revision', 'instructor', NULL, NULL, NULL, '2026-06-03 23:21:52', '2026-06-20 02:14:17'),
(207, 'GFPI-F-134: Planeación Pedagógica del Proyecto Formativo', 9, 7, 'en_revision', 'instructor', NULL, NULL, NULL, '2026-06-03 23:21:52', '2026-06-20 02:14:34'),
(208, 'GOR-F-084: Acta Inducción y Reinducción Aprendices', 10, 7, 'pendiente_subir', 'instructor', 'FALTA ACTA DE REINDUCCION', 39, '2026-06-20 02:15:09', '2026-06-03 23:21:52', '2026-06-20 02:15:09'),
(209, 'GOR-F-084 V2: Acta Inducción Instructor', 11, 7, 'en_revision', 'coordinacion', NULL, NULL, NULL, '2026-06-03 23:21:52', '2026-06-20 02:15:27'),
(210, 'Lineamientos de Articulación / Acta de Compromiso', 12, 7, 'en_revision', 'coordinacion', NULL, NULL, NULL, '2026-06-03 23:21:52', '2026-06-20 02:15:49'),
(211, 'GFPI-PL-001: Planilla Asistencia de Matricula', 13, 7, 'en_revision', 'instructor', NULL, NULL, NULL, '2026-06-03 23:21:52', '2026-06-20 02:16:13'),
(212, 'GFPI-F-015: Formato Compromiso del Aprendiz V2', 14, 7, 'en_revision', 'instructor', NULL, NULL, NULL, '2026-06-03 23:21:52', '2026-06-20 02:16:50'),
(213, 'Fotocopia del documento de identidad', 15, 7, 'en_revision', 'instructor', NULL, NULL, NULL, '2026-06-03 23:21:52', '2026-06-20 02:17:06'),
(214, 'Acta de Evaluación y Seguimiento', 16, 7, 'pendiente_subir', 'instructor', 'FALTA ACTA DE SEGUIMINETO 2026', 39, '2026-06-20 02:17:55', '2026-06-03 23:21:52', '2026-06-20 02:17:55'),
(215, 'GOR-F-084 V2: Acta Socialización Inicio Etapa Productiva', 17, 7, 'pendiente_subir', 'instructor', 'SE SUBE DESPUES DE VACASIONES', 39, '2026-06-20 02:18:56', '2026-06-03 23:21:52', '2026-06-20 02:18:56'),
(216, 'Plantilla Alternativa Etapa Práctica', 18, 7, 'pendiente_subir', 'instructor', 'SE SUBE DESPUES DE VACASIONES', 39, '2026-06-20 02:19:17', '2026-06-03 23:21:52', '2026-06-20 02:19:17'),
(217, 'GFPI-F-147: Formato Bitácora Etapa Productiva', 19, 7, 'en_revision', 'instructor', NULL, NULL, NULL, '2026-06-03 23:21:52', '2026-06-20 02:19:48'),
(218, 'GOR-F-084 V2: Acta Socialización Encadenamiento - Cronograma Divulgación en IE', 20, 7, 'pendiente_subir', 'instructor', 'A FIN DE AÑO', 39, '2026-06-20 02:20:05', '2026-06-03 23:21:52', '2026-06-20 02:20:05'),
(219, 'Acta de socialización del programa - Sensibilización', 21, 7, 'en_revision', 'instructor', NULL, NULL, NULL, '2026-06-03 23:21:52', '2026-06-20 02:21:10'),
(220, 'Verificación del cumplimiento - GOR-F-084 V2: Acta Concepto Técnico', 22, 7, 'en_revision', 'instructor', NULL, NULL, NULL, '2026-06-03 23:21:52', '2026-06-20 02:22:01'),
(221, 'GFPI-F-033: Autodiagnóstico de la Institución Educativa', 23, 7, 'en_revision', 'instructor', NULL, NULL, NULL, '2026-06-03 23:21:52', '2026-06-20 02:22:25'),
(222, 'Paz y Salvo del Aprendiz - Certificación Etapa Productiva - Carta Solicitud Certificación', 24, 7, 'pendiente_subir', 'instructor', 'A FINDE AÑO', 39, '2026-06-20 02:22:56', '2026-06-03 23:21:52', '2026-06-20 02:22:56'),
(223, 'Informe Estadístico Certificación y Deserción', 25, 7, 'pendiente_subir', 'coordinacion', 'FINAL DE AÑO', 39, '2026-06-20 02:23:18', '2026-06-03 23:21:52', '2026-06-20 02:23:18'),
(224, 'Plantilla Juicios Áreas Transversales como Promover - Inglés', 26, 7, 'pendiente_subir', 'instructor', 'FIN DE AÑO', 39, '2026-06-20 02:23:36', '2026-06-03 23:21:52', '2026-06-20 02:23:36'),
(225, 'Plantilla Juicios Áreas Transversales Programas Versión Nueva', 27, 7, 'pendiente_subir', 'instructor', 'FIN DE AÑO', 39, '2026-06-20 02:23:47', '2026-06-03 23:21:52', '2026-06-20 02:23:47'),
(226, 'GOR-F-084 V2: Acta Evaluación de la Ejecución Once', 28, 7, 'pendiente_subir', 'instructor', 'FIN DE AÑO', 39, '2026-06-20 02:24:18', '2026-06-03 23:21:52', '2026-06-20 02:24:18'),
(227, 'GFPI-F-135 V04: Guía de aprendizaje', 29, 7, 'en_revision', 'instructor', NULL, NULL, NULL, '2026-06-03 23:21:52', '2026-06-20 02:24:39'),
(228, 'GOR-F-084 V2: Formato Acta, Planes de Mejoramiento', 30, 7, 'pendiente_subir', 'instructor', 'N/A', 39, '2026-06-20 02:24:59', '2026-06-03 23:21:52', '2026-06-20 02:24:59'),
(229, 'GFPI-F-023 V04: Formato Planeación, Seguimiento y Evaluación Etapa Productiva', 31, 7, 'pendiente_subir', 'instructor', 'DESPUES DE VACASIONES', 39, '2026-06-20 02:25:22', '2026-06-03 23:21:52', '2026-06-20 02:25:22'),
(230, 'Planilla Registro de Asistencia', 32, 7, 'sin_subir', 'instructor', NULL, NULL, NULL, '2026-06-03 23:21:52', '2026-06-03 23:21:52'),
(231, 'Reporte de Juicios Evaluativos', 33, 7, 'en_revision', 'instructor', NULL, NULL, NULL, '2026-06-03 23:21:52', '2026-06-16 21:30:14'),
(232, 'Plantilla de Minuta Articulación con la Media', 1, 8, 'sin_subir', 'coordinacion', NULL, NULL, NULL, '2026-06-05 00:09:10', '2026-06-05 00:09:10'),
(233, 'Plan operativo', 2, 8, 'sin_subir', 'coordinacion', NULL, NULL, NULL, '2026-06-05 00:09:10', '2026-06-05 00:09:10'),
(234, 'Ficha de Apertura', 3, 8, 'sin_subir', 'coordinacion', NULL, NULL, NULL, '2026-06-05 00:09:10', '2026-06-05 00:09:10'),
(235, 'Relación de Estudiantes Que Ingresan al Programa - Comunicado Radicado para Matricula', 4, 8, 'sin_subir', 'instructor', NULL, NULL, NULL, '2026-06-05 00:09:10', '2026-06-05 00:09:10'),
(236, 'Plantilla Plan de Trabajo Concertado / Desarrollo de la Ruta de Aprendizaje (Macro)', 5, 8, 'sin_subir', 'instructor', NULL, NULL, NULL, '2026-06-05 00:09:10', '2026-06-05 00:09:10'),
(237, 'GOR-F-084 V2: Acta Transferencia Institucional', 6, 8, 'sin_subir', 'coordinacion', NULL, NULL, NULL, '2026-06-05 00:09:10', '2026-06-05 00:09:10'),
(238, 'GOR-F-084: Acta Articulación Currículo Educación Media', 7, 8, 'sin_subir', 'instructor', NULL, NULL, NULL, '2026-06-05 00:09:10', '2026-06-05 00:09:10'),
(239, 'GFPI-F-035: Formato Articulación Currículo Educación Media', 8, 8, 'sin_subir', 'instructor', NULL, NULL, NULL, '2026-06-05 00:09:10', '2026-06-05 00:09:10'),
(240, 'GFPI-F-134: Planeación Pedagógica del Proyecto Formativo', 9, 8, 'sin_subir', 'instructor', NULL, NULL, NULL, '2026-06-05 00:09:10', '2026-06-05 00:09:10'),
(241, 'GOR-F-084: Acta Inducción y Reinducción Aprendices', 10, 8, 'sin_subir', 'instructor', NULL, NULL, NULL, '2026-06-05 00:09:10', '2026-06-05 00:09:10'),
(242, 'GOR-F-084 V2: Acta Inducción Instructor', 11, 8, 'sin_subir', 'coordinacion', NULL, NULL, NULL, '2026-06-05 00:09:10', '2026-06-05 00:09:10'),
(243, 'Lineamientos de Articulación / Acta de Compromiso', 12, 8, 'sin_subir', 'coordinacion', NULL, NULL, NULL, '2026-06-05 00:09:10', '2026-06-05 00:09:10'),
(244, 'GFPI-PL-001: Planilla Asistencia de Matricula', 13, 8, 'sin_subir', 'instructor', NULL, NULL, NULL, '2026-06-05 00:09:10', '2026-06-05 00:09:10'),
(245, 'GFPI-F-015: Formato Compromiso del Aprendiz V2', 14, 8, 'sin_subir', 'instructor', NULL, NULL, NULL, '2026-06-05 00:09:10', '2026-06-05 00:09:10'),
(246, 'Fotocopia del documento de identidad', 15, 8, 'sin_subir', 'instructor', NULL, NULL, NULL, '2026-06-05 00:09:10', '2026-06-05 00:09:10'),
(247, 'Acta de Evaluación y Seguimiento', 16, 8, 'sin_subir', 'instructor', NULL, NULL, NULL, '2026-06-05 00:09:10', '2026-06-05 00:09:10'),
(248, 'GOR-F-084 V2: Acta Socialización Inicio Etapa Productiva', 17, 8, 'sin_subir', 'instructor', NULL, NULL, NULL, '2026-06-05 00:09:10', '2026-06-05 00:09:10'),
(249, 'Plantilla Alternativa Etapa Práctica', 18, 8, 'sin_subir', 'instructor', NULL, NULL, NULL, '2026-06-05 00:09:10', '2026-06-05 00:09:10'),
(250, 'GFPI-F-147: Formato Bitácora Etapa Productiva', 19, 8, 'sin_subir', 'instructor', NULL, NULL, NULL, '2026-06-05 00:09:10', '2026-06-05 00:09:10'),
(251, 'GOR-F-084 V2: Acta Socialización Encadenamiento - Cronograma Divulgación en IE', 20, 8, 'sin_subir', 'instructor', NULL, NULL, NULL, '2026-06-05 00:09:10', '2026-06-05 00:09:10'),
(252, 'Acta de socialización del programa - Sensibilización', 21, 8, 'sin_subir', 'instructor', NULL, NULL, NULL, '2026-06-05 00:09:10', '2026-06-05 00:09:10'),
(253, 'Verificación del cumplimiento - GOR-F-084 V2: Acta Concepto Técnico', 22, 8, 'sin_subir', 'instructor', NULL, NULL, NULL, '2026-06-05 00:09:10', '2026-06-05 00:09:10'),
(254, 'GFPI-F-033: Autodiagnóstico de la Institución Educativa', 23, 8, 'sin_subir', 'instructor', NULL, NULL, NULL, '2026-06-05 00:09:10', '2026-06-05 00:09:10'),
(255, 'Paz y Salvo del Aprendiz - Certificación Etapa Productiva - Carta Solicitud Certificación', 24, 8, 'sin_subir', 'instructor', NULL, NULL, NULL, '2026-06-05 00:09:10', '2026-06-05 00:09:10'),
(256, 'Informe Estadístico Certificación y Deserción', 25, 8, 'sin_subir', 'coordinacion', NULL, NULL, NULL, '2026-06-05 00:09:10', '2026-06-05 00:09:10'),
(257, 'Plantilla Juicios Áreas Transversales como Promover - Inglés', 26, 8, 'sin_subir', 'instructor', NULL, NULL, NULL, '2026-06-05 00:09:10', '2026-06-05 00:09:10'),
(258, 'Plantilla Juicios Áreas Transversales Programas Versión Nueva', 27, 8, 'sin_subir', 'instructor', NULL, NULL, NULL, '2026-06-05 00:09:10', '2026-06-05 00:09:10'),
(259, 'GOR-F-084 V2: Acta Evaluación de la Ejecución Once', 28, 8, 'sin_subir', 'instructor', NULL, NULL, NULL, '2026-06-05 00:09:10', '2026-06-05 00:09:10'),
(260, 'GFPI-F-135 V04: Guía de aprendizaje', 29, 8, 'sin_subir', 'instructor', NULL, NULL, NULL, '2026-06-05 00:09:10', '2026-06-05 00:09:10'),
(261, 'GOR-F-084 V2: Formato Acta, Planes de Mejoramiento', 30, 8, 'sin_subir', 'instructor', NULL, NULL, NULL, '2026-06-05 00:09:10', '2026-06-05 00:09:10'),
(262, 'GFPI-F-023 V04: Formato Planeación, Seguimiento y Evaluación Etapa Productiva', 31, 8, 'sin_subir', 'instructor', NULL, NULL, NULL, '2026-06-05 00:09:10', '2026-06-05 00:09:10'),
(263, 'Planilla Registro de Asistencia', 32, 8, 'sin_subir', 'instructor', NULL, NULL, NULL, '2026-06-05 00:09:10', '2026-06-05 00:09:10'),
(264, 'Reporte de Juicios Evaluativos', 33, 8, 'en_revision', 'instructor', NULL, NULL, NULL, '2026-06-05 00:09:10', '2026-06-16 21:43:28'),
(265, 'Plantilla de Minuta Articulación con la Media', 1, 9, 'sin_subir', 'coordinacion', NULL, NULL, NULL, '2026-06-10 19:38:47', '2026-06-10 19:38:47'),
(266, 'Plan operativo', 2, 9, 'sin_subir', 'coordinacion', NULL, NULL, NULL, '2026-06-10 19:38:47', '2026-06-10 19:38:47'),
(267, 'Ficha de Apertura', 3, 9, 'sin_subir', 'coordinacion', NULL, NULL, NULL, '2026-06-10 19:38:47', '2026-06-10 19:38:47'),
(268, 'Relación de Estudiantes Que Ingresan al Programa - Comunicado Radicado para Matricula', 4, 9, 'sin_subir', 'instructor', NULL, NULL, NULL, '2026-06-10 19:38:47', '2026-06-10 19:38:47'),
(269, 'Plantilla Plan de Trabajo Concertado / Desarrollo de la Ruta de Aprendizaje (Macro)', 5, 9, 'sin_subir', 'instructor', NULL, NULL, NULL, '2026-06-10 19:38:47', '2026-06-10 19:38:47'),
(270, 'GOR-F-084 V2: Acta Transferencia Institucional', 6, 9, 'sin_subir', 'coordinacion', NULL, NULL, NULL, '2026-06-10 19:38:47', '2026-06-10 19:38:47'),
(271, 'GOR-F-084: Acta Articulación Currículo Educación Media', 7, 9, 'sin_subir', 'instructor', NULL, NULL, NULL, '2026-06-10 19:38:47', '2026-06-10 19:38:47'),
(272, 'GFPI-F-035: Formato Articulación Currículo Educación Media', 8, 9, 'sin_subir', 'instructor', NULL, NULL, NULL, '2026-06-10 19:38:47', '2026-06-10 19:38:47'),
(273, 'GFPI-F-134: Planeación Pedagógica del Proyecto Formativo', 9, 9, 'sin_subir', 'instructor', NULL, NULL, NULL, '2026-06-10 19:38:47', '2026-06-10 19:38:47'),
(274, 'GOR-F-084: Acta Inducción y Reinducción Aprendices', 10, 9, 'sin_subir', 'instructor', NULL, NULL, NULL, '2026-06-10 19:38:47', '2026-06-10 19:38:47'),
(275, 'GOR-F-084 V2: Acta Inducción Instructor', 11, 9, 'sin_subir', 'coordinacion', NULL, NULL, NULL, '2026-06-10 19:38:47', '2026-06-10 19:38:47'),
(276, 'Lineamientos de Articulación / Acta de Compromiso', 12, 9, 'sin_subir', 'coordinacion', NULL, NULL, NULL, '2026-06-10 19:38:47', '2026-06-10 19:38:47'),
(277, 'GFPI-PL-001: Planilla Asistencia de Matricula', 13, 9, 'sin_subir', 'instructor', NULL, NULL, NULL, '2026-06-10 19:38:47', '2026-06-10 19:38:47'),
(278, 'GFPI-F-015: Formato Compromiso del Aprendiz V2', 14, 9, 'sin_subir', 'instructor', NULL, NULL, NULL, '2026-06-10 19:38:47', '2026-06-10 19:38:47'),
(279, 'Fotocopia del documento de identidad', 15, 9, 'sin_subir', 'instructor', NULL, NULL, NULL, '2026-06-10 19:38:47', '2026-06-10 19:38:47'),
(280, 'Acta de Evaluación y Seguimiento', 16, 9, 'sin_subir', 'instructor', NULL, NULL, NULL, '2026-06-10 19:38:48', '2026-06-10 19:38:48'),
(281, 'GOR-F-084 V2: Acta Socialización Inicio Etapa Productiva', 17, 9, 'sin_subir', 'instructor', NULL, NULL, NULL, '2026-06-10 19:38:48', '2026-06-10 19:38:48'),
(282, 'Plantilla Alternativa Etapa Práctica', 18, 9, 'sin_subir', 'instructor', NULL, NULL, NULL, '2026-06-10 19:38:48', '2026-06-10 19:38:48'),
(283, 'GFPI-F-147: Formato Bitácora Etapa Productiva', 19, 9, 'sin_subir', 'instructor', NULL, NULL, NULL, '2026-06-10 19:38:48', '2026-06-10 19:38:48'),
(284, 'GOR-F-084 V2: Acta Socialización Encadenamiento - Cronograma Divulgación en IE', 20, 9, 'sin_subir', 'instructor', NULL, NULL, NULL, '2026-06-10 19:38:48', '2026-06-10 19:38:48'),
(285, 'Acta de socialización del programa - Sensibilización', 21, 9, 'sin_subir', 'instructor', NULL, NULL, NULL, '2026-06-10 19:38:48', '2026-06-10 19:38:48'),
(286, 'Verificación del cumplimiento - GOR-F-084 V2: Acta Concepto Técnico', 22, 9, 'sin_subir', 'instructor', NULL, NULL, NULL, '2026-06-10 19:38:48', '2026-06-10 19:38:48'),
(287, 'GFPI-F-033: Autodiagnóstico de la Institución Educativa', 23, 9, 'sin_subir', 'instructor', NULL, NULL, NULL, '2026-06-10 19:38:48', '2026-06-10 19:38:48'),
(288, 'Paz y Salvo del Aprendiz - Certificación Etapa Productiva - Carta Solicitud Certificación', 24, 9, 'sin_subir', 'instructor', NULL, NULL, NULL, '2026-06-10 19:38:48', '2026-06-10 19:38:48'),
(289, 'Informe Estadístico Certificación y Deserción', 25, 9, 'sin_subir', 'coordinacion', NULL, NULL, NULL, '2026-06-10 19:38:48', '2026-06-10 19:38:48'),
(290, 'Plantilla Juicios Áreas Transversales como Promover - Inglés', 26, 9, 'sin_subir', 'instructor', NULL, NULL, NULL, '2026-06-10 19:38:48', '2026-06-10 19:38:48'),
(291, 'Plantilla Juicios Áreas Transversales Programas Versión Nueva', 27, 9, 'sin_subir', 'instructor', NULL, NULL, NULL, '2026-06-10 19:38:48', '2026-06-10 19:38:48'),
(292, 'GOR-F-084 V2: Acta Evaluación de la Ejecución Once', 28, 9, 'sin_subir', 'instructor', NULL, NULL, NULL, '2026-06-10 19:38:48', '2026-06-10 19:38:48'),
(293, 'GFPI-F-135 V04: Guía de aprendizaje', 29, 9, 'sin_subir', 'instructor', NULL, NULL, NULL, '2026-06-10 19:38:48', '2026-06-10 19:38:48'),
(294, 'GOR-F-084 V2: Formato Acta, Planes de Mejoramiento', 30, 9, 'sin_subir', 'instructor', NULL, NULL, NULL, '2026-06-10 19:38:48', '2026-06-10 19:38:48'),
(295, 'GFPI-F-023 V04: Formato Planeación, Seguimiento y Evaluación Etapa Productiva', 31, 9, 'sin_subir', 'instructor', NULL, NULL, NULL, '2026-06-10 19:38:48', '2026-06-10 19:38:48'),
(296, 'Planilla Registro de Asistencia', 32, 9, 'sin_subir', 'instructor', NULL, NULL, NULL, '2026-06-10 19:38:48', '2026-06-10 19:38:48'),
(297, 'Reporte de Juicios Evaluativos', 33, 9, 'en_revision', 'instructor', NULL, NULL, NULL, '2026-06-10 19:38:48', '2026-06-16 21:14:49');

-- --------------------------------------------------------

--
-- Estructura de tabla para la tabla `instructor_ficha`
--

CREATE TABLE `instructor_ficha` (
  `id` bigint(20) UNSIGNED NOT NULL,
  `instructor_id` bigint(20) UNSIGNED NOT NULL,
  `ficha_id` bigint(20) UNSIGNED NOT NULL,
  `created_at` timestamp NULL DEFAULT NULL,
  `updated_at` timestamp NULL DEFAULT NULL
) ENGINE=InnoDB DEFAULT CHARSET=utf8mb4 COLLATE=utf8mb4_unicode_ci;

--
-- Volcado de datos para la tabla `instructor_ficha`
--

INSERT INTO `instructor_ficha` (`id`, `instructor_id`, `ficha_id`, `created_at`, `updated_at`) VALUES
(3, 39, 4, '2026-06-02 20:23:08', '2026-06-02 20:23:08'),
(4, 39, 5, '2026-06-03 01:49:28', '2026-06-03 01:49:28'),
(5, 39, 6, '2026-06-03 20:20:00', '2026-06-03 20:20:00'),
(6, 39, 7, '2026-06-03 23:21:52', '2026-06-03 23:21:52'),
(7, 39, 8, '2026-06-05 00:09:10', '2026-06-05 00:09:10'),
(8, 39, 9, '2026-06-10 19:38:48', '2026-06-10 19:38:48');

-- --------------------------------------------------------

--
-- Estructura de tabla para la tabla `instructor_program`
--

CREATE TABLE `instructor_program` (
  `id` bigint(20) UNSIGNED NOT NULL,
  `instructor_id` bigint(20) UNSIGNED NOT NULL,
  `program_id` bigint(20) UNSIGNED NOT NULL,
  `created_at` timestamp NULL DEFAULT NULL,
  `updated_at` timestamp NULL DEFAULT NULL
) ENGINE=InnoDB DEFAULT CHARSET=utf8mb4 COLLATE=utf8mb4_unicode_ci;

--
-- Volcado de datos para la tabla `instructor_program`
--

INSERT INTO `instructor_program` (`id`, `instructor_id`, `program_id`, `created_at`, `updated_at`) VALUES
(1, 39, 2, '2026-06-03 20:11:37', '2026-06-03 20:11:37');

-- --------------------------------------------------------

--
-- Estructura de tabla para la tabla `jobs`
--

CREATE TABLE `jobs` (
  `id` bigint(20) UNSIGNED NOT NULL,
  `queue` varchar(255) NOT NULL,
  `payload` longtext NOT NULL,
  `attempts` tinyint(3) UNSIGNED NOT NULL,
  `reserved_at` int(10) UNSIGNED DEFAULT NULL,
  `available_at` int(10) UNSIGNED NOT NULL,
  `created_at` int(10) UNSIGNED NOT NULL
) ENGINE=InnoDB DEFAULT CHARSET=utf8mb4 COLLATE=utf8mb4_unicode_ci;

-- --------------------------------------------------------

--
-- Estructura de tabla para la tabla `job_batches`
--

CREATE TABLE `job_batches` (
  `id` varchar(255) NOT NULL,
  `name` varchar(255) NOT NULL,
  `total_jobs` int(11) NOT NULL,
  `pending_jobs` int(11) NOT NULL,
  `failed_jobs` int(11) NOT NULL,
  `failed_job_ids` longtext NOT NULL,
  `options` mediumtext DEFAULT NULL,
  `cancelled_at` int(11) DEFAULT NULL,
  `created_at` int(11) NOT NULL,
  `finished_at` int(11) DEFAULT NULL
) ENGINE=InnoDB DEFAULT CHARSET=utf8mb4 COLLATE=utf8mb4_unicode_ci;

-- --------------------------------------------------------

--
-- Estructura de tabla para la tabla `migrations`
--

CREATE TABLE `migrations` (
  `id` int(10) UNSIGNED NOT NULL,
  `migration` varchar(255) NOT NULL,
  `batch` int(11) NOT NULL
) ENGINE=InnoDB DEFAULT CHARSET=utf8mb4 COLLATE=utf8mb4_unicode_ci;

--
-- Volcado de datos para la tabla `migrations`
--

INSERT INTO `migrations` (`id`, `migration`, `batch`) VALUES
(1, '0001_01_01_000000_create_users_table', 1),
(2, '0001_01_01_000001_create_cache_table', 1),
(3, '0001_01_01_000002_create_jobs_table', 1),
(4, '2024_01_01_000001_create_programs_table', 1),
(5, '2024_01_01_000002_create_fichas_table', 1),
(6, '2024_01_01_000003_create_instructor_ficha_table', 1),
(7, '2024_01_01_000004_create_aprendiz_ficha_table', 1),
(8, '2024_01_01_000005_create_folders_table', 1),
(9, '2024_01_01_000006_create_documents_table', 1),
(10, '2024_01_01_000007_create_monthly_reports_table', 1),
(11, '2024_01_01_000008_create_attendance_table', 1),
(12, '2024_01_01_000009_create_competencias_table', 1),
(13, '2024_01_02_000001_add_responsible_role_to_folders', 2),
(14, '2024_01_03_000001_make_ficha_nullable_in_monthly_reports', 3),
(15, '2024_01_04_000001_create_instructor_program_table', 4),
(16, '2024_01_05_000001_create_resultado_guias_actividades', 5),
(17, '2024_01_06_000001_add_pendiente_subir_status_to_folders', 6);

-- --------------------------------------------------------

--
-- Estructura de tabla para la tabla `monthly_reports`
--

CREATE TABLE `monthly_reports` (
  `id` bigint(20) UNSIGNED NOT NULL,
  `instructor_id` bigint(20) UNSIGNED NOT NULL,
  `ficha_id` bigint(20) UNSIGNED DEFAULT NULL,
  `month` tinyint(3) UNSIGNED NOT NULL,
  `year` smallint(5) UNSIGNED NOT NULL,
  `status` enum('pendiente','revisado','aprobado','rechazado') NOT NULL DEFAULT 'pendiente',
  `comment` text DEFAULT NULL,
  `created_at` timestamp NULL DEFAULT NULL,
  `updated_at` timestamp NULL DEFAULT NULL
) ENGINE=InnoDB DEFAULT CHARSET=utf8mb4 COLLATE=utf8mb4_unicode_ci;

--
-- Volcado de datos para la tabla `monthly_reports`
--

INSERT INTO `monthly_reports` (`id`, `instructor_id`, `ficha_id`, `month`, `year`, `status`, `comment`, `created_at`, `updated_at`) VALUES
(1, 39, NULL, 2, 2026, 'pendiente', NULL, '2026-06-02 20:45:44', '2026-06-02 20:45:44');

-- --------------------------------------------------------

--
-- Estructura de tabla para la tabla `monthly_report_files`
--

CREATE TABLE `monthly_report_files` (
  `id` bigint(20) UNSIGNED NOT NULL,
  `report_id` bigint(20) UNSIGNED NOT NULL,
  `original_name` varchar(255) NOT NULL,
  `file_path` varchar(255) NOT NULL,
  `file_type` varchar(255) NOT NULL,
  `created_at` timestamp NULL DEFAULT NULL,
  `updated_at` timestamp NULL DEFAULT NULL
) ENGINE=InnoDB DEFAULT CHARSET=utf8mb4 COLLATE=utf8mb4_unicode_ci;

--
-- Volcado de datos para la tabla `monthly_report_files`
--

INSERT INTO `monthly_report_files` (`id`, `report_id`, `original_name`, `file_path`, `file_type`, `created_at`, `updated_at`) VALUES
(1, 1, 'GC#1_1035918275_14926_FEB_2026.pdf', 'reports/39/2026_2/E38LR30g1xfTqVmzJi051pDfZYRXVaSOqd57ybyU.pdf', 'application/pdf', '2026-06-02 20:45:44', '2026-06-02 20:45:44'),
(2, 1, 'GC#2_1035918275_14926_FEB_2026.pdf', 'reports/39/2026_2/UERXI1hTFY11oXVLgDfM0tkI43RUhirPlVnby9hV.pdf', 'application/pdf', '2026-06-02 20:45:44', '2026-06-02 20:45:44'),
(3, 1, 'GF_1035918275_14926_FEB_2026.pdf', 'reports/39/2026_2/JxyALQUFBZWVaKyythWFndcAOMXvv5IZwIvywYty.pdf', 'application/pdf', '2026-06-02 20:45:44', '2026-06-02 20:45:44');

-- --------------------------------------------------------

--
-- Estructura de tabla para la tabla `password_reset_tokens`
--

CREATE TABLE `password_reset_tokens` (
  `email` varchar(255) NOT NULL,
  `token` varchar(255) NOT NULL,
  `created_at` timestamp NULL DEFAULT NULL
) ENGINE=InnoDB DEFAULT CHARSET=utf8mb4 COLLATE=utf8mb4_unicode_ci;

-- --------------------------------------------------------

--
-- Estructura de tabla para la tabla `programs`
--

CREATE TABLE `programs` (
  `id` bigint(20) UNSIGNED NOT NULL,
  `code` varchar(255) NOT NULL,
  `name` varchar(255) NOT NULL,
  `created_at` timestamp NULL DEFAULT NULL,
  `updated_at` timestamp NULL DEFAULT NULL
) ENGINE=InnoDB DEFAULT CHARSET=utf8mb4 COLLATE=utf8mb4_unicode_ci;

--
-- Volcado de datos para la tabla `programs`
--

INSERT INTO `programs` (`id`, `code`, `name`, `created_at`, `updated_at`) VALUES
(2, '233104', 'Programacion de software', '2026-06-01 21:39:33', '2026-06-03 03:23:21');

-- --------------------------------------------------------

--
-- Estructura de tabla para la tabla `resultados_aprendizaje`
--

CREATE TABLE `resultados_aprendizaje` (
  `id` bigint(20) UNSIGNED NOT NULL,
  `nombre` varchar(255) NOT NULL,
  `descripcion` text DEFAULT NULL,
  `competencia_id` bigint(20) UNSIGNED NOT NULL,
  `created_at` timestamp NULL DEFAULT NULL,
  `updated_at` timestamp NULL DEFAULT NULL
) ENGINE=InnoDB DEFAULT CHARSET=utf8mb4 COLLATE=utf8mb4_unicode_ci;

--
-- Volcado de datos para la tabla `resultados_aprendizaje`
--

INSERT INTO `resultados_aprendizaje` (`id`, `nombre`, `descripcion`, `competencia_id`, `created_at`, `updated_at`) VALUES
(2, 'IDENTIFICAR LA DINÁMICA ORGANIZACIONAL DEL SENA Y EL ROL DE LA FORMACIÓN PROFESIONAL INTEGRAL DE ACUERDO CON SU PROYECTO DE VIDA Y EL DESARROLLO PROFESIONAL.', NULL, 3, '2026-06-01 21:45:09', '2026-06-01 21:45:09'),
(3, 'IDENTIFICAR LA DINÁMICA ORGANIZACIONAL DEL SENA Y EL ROL DE LA FORMACIÓN PROFESIONAL INTEGRAL DE ACUERDO CON SU PROYECTO DE VIDA Y EL DESARROLLO PROFESIONAL.', NULL, 4, '2026-06-03 01:58:01', '2026-06-03 01:58:01'),
(4, 'RAP 1. CONSTRUIR LA BASE DE DATOS SEGÚN REQUERIMIENTOS DEL CLIENTE.', NULL, 5, '2026-06-03 02:00:44', '2026-06-03 02:00:44'),
(5, 'RAP 2. PROGRAMAR SENTENCIAS SQL EN UN SISTEMA MANEJADOR DE BASES DE DATOS SEGÚN REQUERIMIENTOS DEL CLIENTE.', NULL, 5, '2026-06-03 02:00:53', '2026-06-03 02:00:53'),
(6, 'RAP 1. RESOLVER PROCESOS LÓGICOS A TRAVÉS DE LA IMPLEMENTACIÓN DE ALGORITMOS Y EL LENGUAJE DE PROGRAMACIÓN SELECCIONADO.', NULL, 6, '2026-06-03 02:01:51', '2026-06-03 02:01:51'),
(7, 'RAP 2. CREAR COMPONENTES FRONT-END DEL SOFTWARE DE ACUERDO CON LAS NECESIDADES DEL CLIENTE.', NULL, 6, '2026-06-03 02:02:00', '2026-06-03 02:02:00'),
(8, 'RAP 3. CODIFICAR EL SOFTWARE EMPLEANDO EL LENGUAJE DE PROGRAMACIÓN SELECCIONADO.', NULL, 6, '2026-06-03 02:02:08', '2026-06-03 02:02:08'),
(9, 'RAP 1. CARACTERIZAR LA INFORMACIÓN A RECOLECTAR DE ACUERDO CON LAS NECESIDADES DEL CLIENTE.', NULL, 7, '2026-06-03 02:03:38', '2026-06-03 02:03:38'),
(10, 'RAP 2. INTERPRETAR EL INFORME DE REQUISITOS DE LA SOLUCIÓN CONFORME A LA IDENTIFICACIÓN DE LAS NECESIDADES DEL NEGOCIO.', NULL, 7, '2026-06-03 02:03:47', '2026-06-03 02:03:47'),
(11, 'RAP 1. SELECCIONAR HERRAMIENTAS DE TECNOLOGÍAS DE LA INFORMACIÓN Y LA COMUNICACIÓN (TIC), DE ACUERDO CON LAS NECESIDADES IDENTIFICADAS', NULL, 8, '2026-06-03 02:04:20', '2026-06-03 02:04:20'),
(12, 'RAP 2. USAR HERRAMIENTAS TIC, DE ACUERDO CON LOS REQUERIMIENTOS, MANUALES DE FUNCIONAMIENTO, PROCEDIMIENTOS Y ESTÁNDARES.', NULL, 8, '2026-06-03 02:04:28', '2026-06-03 02:04:28'),
(13, 'RAP 3. VERIFICAR LOS RESULTADOS OBTENIDOS, DE ACUERDO CON LOS REQUERIMIENTOS', NULL, 8, '2026-06-03 02:04:37', '2026-06-03 02:04:37'),
(14, 'RAP 4. IMPLEMENTAR BUENAS PRÁCTICAS DE USO, DE ACUERDO CON LA TECNOLOGÍA EMPLEADA', NULL, 8, '2026-06-03 02:04:45', '2026-06-03 02:04:45'),
(15, 'APLICAR EN LA RESOLUCIÓN DE PROBLEMAS REALES DEL SECTOR PRODUCTIVO, LOS CONOCIMIENTOS, HABILIDADES Y DESTREZAS PERTINENTES A LAS COMPETENCIAS DEL PROGRAMA DE FORMACIÓN ASUMIENDO ESTRATEGIAS Y METODOLOGÍAS DE AUTOGESTIÓN', NULL, 9, '2026-06-03 02:05:14', '2026-06-03 02:05:14');

-- --------------------------------------------------------

--
-- Estructura de tabla para la tabla `resultado_actividades`
--

CREATE TABLE `resultado_actividades` (
  `id` bigint(20) UNSIGNED NOT NULL,
  `resultado_id` bigint(20) UNSIGNED NOT NULL,
  `nombre` varchar(255) NOT NULL,
  `descripcion` text DEFAULT NULL,
  `created_at` timestamp NULL DEFAULT NULL,
  `updated_at` timestamp NULL DEFAULT NULL
) ENGINE=InnoDB DEFAULT CHARSET=utf8mb4 COLLATE=utf8mb4_unicode_ci;

--
-- Volcado de datos para la tabla `resultado_actividades`
--

INSERT INTO `resultado_actividades` (`id`, `resultado_id`, `nombre`, `descripcion`, `created_at`, `updated_at`) VALUES
(3, 15, 'Proyecto formativo código revisión 1', NULL, '2026-06-04 02:14:17', '2026-06-04 02:14:17'),
(4, 15, 'Proyecto formativo código revisión 2', NULL, '2026-06-10 23:36:41', '2026-06-10 23:36:41'),
(5, 15, 'Proyecto formativo código revisión 2', NULL, '2026-06-12 02:39:49', '2026-06-12 02:39:49');

-- --------------------------------------------------------

--
-- Estructura de tabla para la tabla `resultado_guias`
--

CREATE TABLE `resultado_guias` (
  `id` bigint(20) UNSIGNED NOT NULL,
  `resultado_id` bigint(20) UNSIGNED NOT NULL,
  `original_name` varchar(255) NOT NULL,
  `file_path` varchar(255) NOT NULL,
  `uploaded_by` bigint(20) UNSIGNED NOT NULL,
  `created_at` timestamp NULL DEFAULT NULL,
  `updated_at` timestamp NULL DEFAULT NULL
) ENGINE=InnoDB DEFAULT CHARSET=utf8mb4 COLLATE=utf8mb4_unicode_ci;

-- --------------------------------------------------------

--
-- Estructura de tabla para la tabla `sessions`
--

CREATE TABLE `sessions` (
  `id` varchar(255) NOT NULL,
  `user_id` bigint(20) UNSIGNED DEFAULT NULL,
  `ip_address` varchar(45) DEFAULT NULL,
  `user_agent` text DEFAULT NULL,
  `payload` longtext NOT NULL,
  `last_activity` int(11) NOT NULL
) ENGINE=InnoDB DEFAULT CHARSET=utf8mb4 COLLATE=utf8mb4_unicode_ci;

--
-- Volcado de datos para la tabla `sessions`
--

INSERT INTO `sessions` (`id`, `user_id`, `ip_address`, `user_agent`, `payload`, `last_activity`) VALUES
('DuzQfxsBzzOcuRRFfTCfLvZTsqRKFZuyUOktJoNQ', 39, '127.0.0.1', 'Mozilla/5.0 (Windows NT 10.0; Win64; x64) AppleWebKit/537.36 (KHTML, like Gecko) Chrome/149.0.0.0 Safari/537.36', 'YTo1OntzOjY6Il90b2tlbiI7czo0MDoiYm5hRjJmOHRzRTJ0ZlMyVGh0Mk1YWFNQMzcyS0dUNEF6aFhPYnM3MyI7czozOiJ1cmwiO2E6MTp7czo4OiJpbnRlbmRlZCI7czozMDoiaHR0cDovLzEyNy4wLjAuMTo4MDAwL2ZpY2hhcy81Ijt9czo5OiJfcHJldmlvdXMiO2E6Mjp7czozOiJ1cmwiO3M6MzI6Imh0dHA6Ly8xMjcuMC4wLjE6ODAwMC9pbnN0cnVjdG9yIjtzOjU6InJvdXRlIjtzOjIwOiJpbnN0cnVjdG9yLmRhc2hib2FyZCI7fXM6NjoiX2ZsYXNoIjthOjI6e3M6Mzoib2xkIjthOjA6e31zOjM6Im5ldyI7YTowOnt9fXM6NTA6ImxvZ2luX3dlYl81OWJhMzZhZGRjMmIyZjk0MDE1ODBmMDE0YzdmNThlYTRlMzA5ODlkIjtpOjM5O30=', 1781904409);

-- --------------------------------------------------------

--
-- Estructura de tabla para la tabla `users`
--

CREATE TABLE `users` (
  `id` bigint(20) UNSIGNED NOT NULL,
  `name` varchar(255) NOT NULL,
  `email` varchar(255) NOT NULL,
  `numero_documento` varchar(255) DEFAULT NULL,
  `telefono` varchar(255) DEFAULT NULL,
  `role` enum('admin','coordinacion','instructor','aprendiz') NOT NULL DEFAULT 'aprendiz',
  `email_verified_at` timestamp NULL DEFAULT NULL,
  `password` varchar(255) NOT NULL,
  `remember_token` varchar(100) DEFAULT NULL,
  `created_at` timestamp NULL DEFAULT NULL,
  `updated_at` timestamp NULL DEFAULT NULL
) ENGINE=InnoDB DEFAULT CHARSET=utf8mb4 COLLATE=utf8mb4_unicode_ci;

--
-- Volcado de datos para la tabla `users`
--

INSERT INTO `users` (`id`, `name`, `email`, `numero_documento`, `telefono`, `role`, `email_verified_at`, `password`, `remember_token`, `created_at`, `updated_at`) VALUES
(1, 'Administrador', 'admin@asem.com', '1000000001', NULL, 'admin', NULL, '$2y$12$9i5fhIZmWhqSsG3icT0pCuiZjOyCyv3fad6fFaWup08gF56n5N5X2', NULL, '2026-06-01 21:10:55', '2026-06-01 21:10:55'),
(2, 'Coordinador Principal', 'coordinacion@asem.com', '1000000002', NULL, 'coordinacion', NULL, '$2y$12$xJBNhOH3pHBsSpTY/2UG0O6xufyrciA./p8YFN6pjAP3Whumfn9Ia', NULL, '2026-06-01 21:10:55', '2026-06-01 21:10:55'),
(3, 'Instructor Demo', 'instructor@asem.com', '1000000003', NULL, 'instructor', NULL, '$2y$12$.z/QqPk.02Vltj1F3p09be.1jCZwTf49Js8kIhi3pgoswo2zTuaMS', NULL, '2026-06-01 21:10:55', '2026-06-01 21:10:55'),
(4, 'Aprendiz Demo', 'aprendiz@asem.com', '1000000004', NULL, 'aprendiz', NULL, '$2y$12$Oc6p4.2cdHFfyUFyWDPtbenRfPclZPZbEgUCPn8tOEWVBpMapmUKy', NULL, '2026-06-01 21:10:55', '2026-06-01 21:10:55'),
(7, 'SAMUEL LOPEZ CHAVERRA', '1correodeprueba1@gmail.com', 'CC 1034991092', '3001234567', 'aprendiz', NULL, '$2y$12$RHAscmdSxfOklxW0DHfEJ.jPUVmIphx.x6D5sfJJ2R7b8GjeMRifO', NULL, '2026-06-02 19:23:12', '2026-06-02 19:23:12'),
(8, 'NICOLL ARANGO BEDOYA', '2correodeprueba1@gmail.com', 'TI 1040040143', '3109876543', 'aprendiz', NULL, '$2y$12$uufwFPQthAoGpk7w4TAXdOVeYcy1/q1HJEAjpJBN.ErsAF/B8RJf2', NULL, '2026-06-02 19:23:12', '2026-06-02 19:23:12'),
(9, 'JUAN PABLO PAVAS CARDONA', '3correodeprueba1@gmail.com', 'TI 1040037868', NULL, 'aprendiz', NULL, '$2y$12$J4FNp7riadbMAecTy1z8tOWrSxm5ZgQdoGQ8VA94wEl/ZeEbkwioi', NULL, '2026-06-02 19:23:12', '2026-06-02 19:23:12'),
(10, 'JULIANA RODRIGUEZ LONDOÑO', '4correodeprueba1@gmail.com', 'TI 1040040918', NULL, 'aprendiz', NULL, '$2y$12$9DXiFlwlceGZl8r.uGX8aOghvUJddlzH0gy65P6E3VobBflY.nlSy', NULL, '2026-06-02 19:23:12', '2026-06-02 19:23:12'),
(11, 'SIMON SEPULVEDA TABARES', 'simon.tabares@example.com', 'TI 1040040489', NULL, 'aprendiz', NULL, '$2y$12$v.3tAZs/o3aTuwle/4T2Nuatkgw7HPT6aqCdRwBKJNU3vZKlWJ5fK', NULL, '2026-06-02 19:29:05', '2026-06-02 19:29:05'),
(12, 'SANTIAGO TORRES VALENCIA', 'santiago.valencia@example.com', 'TI 1033261061', NULL, 'aprendiz', NULL, '$2y$12$Kw0W3F1mpuw3421ACqZqxeERK/NZU.kWW6XEma/qdHQcjNxlAh/OK', NULL, '2026-06-02 19:29:05', '2026-06-02 19:29:05'),
(13, 'ANGIE VANESSA SALAZAR VERA', 'angie.vera@example.com', 'TI 1040039805', NULL, 'aprendiz', NULL, '$2y$12$trIwrzkeN61kTgUjuE914unZaeYIRHGRVcgmaMfA0KwZa6ZvBoRfy', NULL, '2026-06-02 19:29:06', '2026-06-02 19:29:06'),
(14, 'SAMANTHA OCAMPO RIVILLAS', 'samantha.rivillas@example.com', 'TI 1015217080', NULL, 'aprendiz', NULL, '$2y$12$b3T8AJzO0ZnazKqd8D4vHeWmCp7umnUjD23zr1QyYx3roR4q2Y2J2', NULL, '2026-06-02 19:29:06', '2026-06-02 19:29:06'),
(15, 'CRISTIAN CAMILO ARIAS BARRERA', 'cristian.barrera@example.com', 'TI 1038809926', NULL, 'aprendiz', NULL, '$2y$12$5bcu6nlSrIT0kbKoFau/DOp9Ebv1Txf8YacU/4ugl/M2cYQEe4WIu', NULL, '2026-06-02 19:29:06', '2026-06-02 19:29:06'),
(16, 'SEBASTIAN AGUIRRE RAMIREZ', 'sebastian.ramirez@example.com', 'TI 1040039633', NULL, 'aprendiz', NULL, '$2y$12$EgScqPQ0hrAwfDjYDaALuuoZ8v/h1sowem4g1uOyd4ZF5PC6q13V2', NULL, '2026-06-02 19:29:07', '2026-06-02 19:29:07'),
(17, 'ERICK DAYAN RETAMOZO ASIS', 'erick.asis@example.com', 'TI 1082933470', NULL, 'aprendiz', NULL, '$2y$12$oVG8.yBF3m1KBONT0aswJ.AAIhptDV0AOOXI7c59d3GkyKx76YRau', NULL, '2026-06-02 19:29:07', '2026-06-02 19:29:07'),
(18, 'LAURA CRISTINA CIFUENTES SANCHEZ', 'laura.sanchez@example.com', 'TI 1040037846', NULL, 'aprendiz', NULL, '$2y$12$6G5/MRkfLU.Og2/ykmAG9uh9g8RdGKEplX9ClywXbbfKeePgQEBVq', NULL, '2026-06-02 19:29:07', '2026-06-02 19:29:07'),
(19, 'YURLI LORENA BEDOYA JIMENEZ', 'yurli.jimenez@example.com', 'TI 1023526579', NULL, 'aprendiz', NULL, '$2y$12$SoPTf7HwCdArSgOX8cOAXupDcso11jS3.G87Sb4A58u8KbOyekg3W', NULL, '2026-06-02 19:29:07', '2026-06-02 19:29:07'),
(20, 'SAMUEL VILLADA GIRALDO', 'samuel.giraldo@example.com', 'TI 1020224392', NULL, 'aprendiz', NULL, '$2y$12$1oljznY3jvz4buyy8lKJBu5essFxgVUyVKWZN6SvGgZc5ZBW1M6FK', NULL, '2026-06-02 19:29:08', '2026-06-02 19:29:08'),
(21, 'ADRIAN RUIZ MORENO', 'adrian.moreno@example.com', 'TI 1036938338', NULL, 'aprendiz', NULL, '$2y$12$A6jk2NGtkrPrS56m2JizKe1eYtGWeWxlaWjb2hpAg9B3sowweydtO', NULL, '2026-06-02 19:29:08', '2026-06-02 19:29:08'),
(22, 'JERONIMO TABARES CARVAJAL', 'jeronimo.carvajal@example.com', 'TI 1040039906', NULL, 'aprendiz', NULL, '$2y$12$Ihvb1dka6FhbOcHhn.ie0O9BYSZzju5kAg/deBugNltMhTTi82WrG', NULL, '2026-06-02 19:29:08', '2026-06-02 19:29:08'),
(23, 'ANA SOFIA MARTINEZ MESA', 'ana.mesa@example.com', 'TI 1040039063', NULL, 'aprendiz', NULL, '$2y$12$eLZaoUYXypS3C/Z4DsfG6.9p0QDDzCl5McUK0ZlV2hZcDLkcwx8k.', NULL, '2026-06-02 19:29:08', '2026-06-02 19:29:08'),
(24, 'MARIA PAULA RAMOS HURTADO', 'maria.hurtado@example.com', 'TI 1040366772', NULL, 'aprendiz', NULL, '$2y$12$TmSCZpKqgCRHmq81RpjNZOYx7lYJ4UToeHniP.crZShbct1rA14v2', NULL, '2026-06-02 19:29:09', '2026-06-02 19:29:09'),
(25, 'JUAN DAVID CASTAÑEDA ROJAS', 'juan.rojas@example.com', 'TI 1040040975', NULL, 'aprendiz', NULL, '$2y$12$nH2zNa7/IpF.XtGRnDuX.eAIY0XTzvvSRNpuJ7dHtK1amUnbev7Ay', NULL, '2026-06-02 19:29:09', '2026-06-02 19:29:09'),
(26, 'MARIA JOSE OROZCO RIOS', 'maria.rios@example.com', 'TI 1015217231', NULL, 'aprendiz', NULL, '$2y$12$nFqVo1viAr3bi7dVB8rNNOwZPUoP6RsaKddenQxnJM.IZibZIf9sm', NULL, '2026-06-02 19:29:09', '2026-06-02 19:29:09'),
(27, 'JOSE MANUEL YEPES CANO', 'jose.cano@example.com', 'TI 1040040206', NULL, 'aprendiz', NULL, '$2y$12$vRaTsWCejsvbzN/wKGScFejdu9UhgKIc0QfaJNvWf3Tl3hJWe21f.', NULL, '2026-06-02 19:29:09', '2026-06-02 19:29:09'),
(28, 'JUAN DAVID AMARILES RINCON', 'juan.rincon@example.com', 'TI 1026144354', NULL, 'aprendiz', NULL, '$2y$12$BCgkrozY7cispdG86y7ViOkF5jILGCOnLPuWNNUIJRrNQA4XHOsTe', NULL, '2026-06-02 19:29:10', '2026-06-02 19:29:10'),
(29, 'JUAN JOSE PALACIO PALACIO', 'juan.palacio@example.com', 'TI 1018246464', NULL, 'aprendiz', NULL, '$2y$12$OZ7XDXVj0Ae.SFxHZr4iJOK9Ij7W0oywh23e2kJkPOLWwk4/akf/.', NULL, '2026-06-02 19:29:10', '2026-06-02 19:29:10'),
(30, 'JUAN JOSE RIOS GIRALDO', 'juan.giraldo@example.com', 'TI 1011399120', NULL, 'aprendiz', NULL, '$2y$12$v0iGZ71ZIGNBxXXnEvRfXOMkpZUnBGQ1AUUaCcTtaBhNR4aiR75h2', NULL, '2026-06-02 19:29:10', '2026-06-02 19:29:10'),
(31, 'JOHAN SEBASTIAN CASTRO ROMERO', 'johan.romero@example.com', 'CC 1105465458', NULL, 'aprendiz', NULL, '$2y$12$Es.bstNPwiEMPP/q1PD1MeQLV2dH9gKaRJIvt85e81bnGQyWlVDcq', NULL, '2026-06-02 19:29:10', '2026-06-02 19:29:10'),
(32, 'MAYKOL ANDROS BEDOYA ORTIZ', 'maykol.ortiz@example.com', 'TI 1036936907', NULL, 'aprendiz', NULL, '$2y$12$GtkcWWmbDQ8kka4ILXyK7usgOBzOVXZjKfhE.jRh.CTG7Wv9oedWG', NULL, '2026-06-02 19:29:11', '2026-06-02 19:29:11'),
(33, 'ANDRES ENRIQUE PACHECO HERRADA', 'andres.herrada@example.com', 'PPT 7921186', NULL, 'aprendiz', NULL, '$2y$12$yHDYTo99GiCzlY9xcT5Cw.LAbwK53XaEJZXwtBr4L.9BuoV7bdcgy', NULL, '2026-06-02 19:29:11', '2026-06-02 19:29:11'),
(34, 'MARIA JOSE RIVERO SOTO', 'maria.soto@example.com', 'PPT 1273612', NULL, 'aprendiz', NULL, '$2y$12$GI2J157Sch.TzFdlQRMggOSFHgUkPLkmm9zmPcWpShNeY/yWjceg2', NULL, '2026-06-02 19:29:11', '2026-06-02 19:29:11'),
(35, 'YOSTIN ANDRES CASTAÑEDA CARDONA', 'yostin.cardona@example.com', 'TI 1072921265', NULL, 'aprendiz', NULL, '$2y$12$piKcKHQ3u1bBtpmghkaVbuZ1ihR6OhqlalY01sDMoDivdfqd5a5Mq', NULL, '2026-06-02 19:29:11', '2026-06-02 19:29:11'),
(36, 'MARIANA GRISALES VALENCIA', 'mariana.valencia@example.com', 'TI 1040038713', NULL, 'aprendiz', NULL, '$2y$12$kvtYk30yJJw6EiuomOb.9OPXl/jiB/q/uvgNBJC8moXb4LltkltyO', NULL, '2026-06-02 19:29:11', '2026-06-02 19:29:11'),
(37, 'ISABELLA FRANCHESA MC QUEEN PIEDRAHITA', 'isabella.piedrahita@example.com', 'TI 1036692324', NULL, 'aprendiz', NULL, '$2y$12$fH0lYvSTRwWpYC6Cps8nZOqlS/fwHl3mCN0hiH1a/nIqtHINLz29q', NULL, '2026-06-02 19:29:12', '2026-06-02 19:29:12'),
(38, 'DIEGO ALEJANDRO LEON SOTO', 'diego.soto@example.com', 'PPT 6604990', NULL, 'aprendiz', NULL, '$2y$12$KO8hZT6HIxqo3gcJ1xnvIeJR8xjzHYCssfju9QSCpF8DHJo8yKj4O', NULL, '2026-06-02 19:29:12', '2026-06-02 19:29:12'),
(39, 'Harold Estiben Marin Bedoya', 'haroldmarin2011@gmail.com', '1035918275', '3117034930', 'instructor', NULL, '$2y$12$X6muvL2QzRg.Vn7BR7x9YeVF0YeTnHQbQzpRrF9FPcor8guLzSUgW', NULL, '2026-06-02 20:22:55', '2026-06-02 20:22:55'),
(40, 'ALBENIS DE JESUS PALENCIA TELLO', 'ALBENIS DE JESUS PALENCIA TELLO@gmail.com', 'PPT - 1340031', '3001234567', 'aprendiz', NULL, '$2y$12$V8Jdqx2eJrNGh2kx6C9Gsu4kNN7eIB5eRLla.0zZOfKIscCkTyKkm', NULL, '2026-06-03 01:52:12', '2026-06-03 01:52:12'),
(41, 'ANA SOFIA SERNA HENAO', 'ANA SOFIA SERNA HENAO@gmail.com', 'TI - 1036944582', '3109876543', 'aprendiz', NULL, '$2y$12$MY9Mz.zgtnbXhK2GeqiXdOONN9yHYNnMbsu38XSkCUGzkdp7zdIp6', NULL, '2026-06-03 01:52:12', '2026-06-03 01:52:12'),
(42, 'ANGELA MARIA ARANGO GARCIA', 'ANGELA MARIA ARANGO GARCIA@gmail.com', 'TI - 1033492874', NULL, 'aprendiz', NULL, '$2y$12$ZxJMxVBiazWY4V2ge.FxweU8e9QKapk2RJVbg7hEoQ0hw5cK/M7xS', NULL, '2026-06-03 01:52:12', '2026-06-03 01:52:12'),
(43, 'BARBARA ELIZABETH ORTIZ DIAZ', 'BARBARA ELIZABETH ORTIZ DIAZ@gmail.com', 'TI - 1063081557', NULL, 'aprendiz', NULL, '$2y$12$78q6Eb6MNG3.d.mqne22GO18CyCZwWj/Xy3Y0VwudjisVh8ThCbSG', NULL, '2026-06-03 01:52:13', '2026-06-03 01:52:13'),
(44, 'BRITNEY NICOLE LOAIZA TORRES', 'BRITNEY NICOLE LOAIZA TORRES@gmail.com', 'TI - 1116439449', NULL, 'aprendiz', NULL, '$2y$12$6SL3TaINklEGiYVYsDP9iexZMJC1DW0S6iJg6tkFtPVCf8Sr6ZNja', NULL, '2026-06-03 01:52:13', '2026-06-03 01:52:13'),
(45, 'CAMILO TAPIAS ATENCIA', 'CAMILO TAPIAS ATENCIA@gmail.com', 'TI - 1043308228', NULL, 'aprendiz', NULL, '$2y$12$phwge6VsYS91iUnfIE16BODHIbAtSHKsaIQIZNxC5MJOLpeDwfPdC', NULL, '2026-06-03 01:52:13', '2026-06-03 01:52:13'),
(46, 'DILAN SALAZAR CASTAÑO', 'DILAN SALAZAR CASTAÑO@gmail.com', 'TI - 1037887027', NULL, 'aprendiz', NULL, '$2y$12$SWioR0Ai3rR18PP9.Hh0z.w2mQkk2zdzmbPCCfxpwiBGwos6E9wJe', NULL, '2026-06-03 01:52:13', '2026-06-03 01:52:13'),
(47, 'ESTEFANIA CARMONA GARCIA', 'ESTEFANIA CARMONA GARCIA@gmail.com', 'CC - 1036255532', NULL, 'aprendiz', NULL, '$2y$12$YV1TssEZB32ZuUE9rYRIj.OimvOHXzNP225PDFyGOdTOg./6K51G2', NULL, '2026-06-03 01:52:14', '2026-06-03 01:52:14'),
(48, 'JAKELIN MARIANA ZULUAGA GARCA', 'JAKELIN MARIANA ZULUAGA GARCA@gmail.com', 'TI - 1037886978', NULL, 'aprendiz', NULL, '$2y$12$qbc7DhJB6yWyVjvjUaD2r.M9ax0L0eO6NW65uirDz2rJatNHgqgtC', NULL, '2026-06-03 01:52:14', '2026-06-03 01:52:14'),
(49, 'JANCARLOS ARBELAEZ CHAVERRA', 'JANCARLOS ARBELAEZ CHAVERRA@gmail.com', 'TI - 1023639552', NULL, 'aprendiz', NULL, '$2y$12$hMdJzGor5fHnb8AofW4aFulgb6tSUEz1tEKUM/I1.v1sm3HTPajFG', NULL, '2026-06-03 01:52:14', '2026-06-03 01:52:14'),
(50, 'JONATHAN ESNEIDER SANCHEZ ACEVEDO', 'JONATHAN ESNEIDER SANCHEZ ACEVEDO@gmail.com', 'TI - 1040879445', NULL, 'aprendiz', NULL, '$2y$12$unHiayI2hU/FtJYtBT2xsONLUbMaIoWowsD92LNfjhoWdd43f09eG', NULL, '2026-06-03 01:52:15', '2026-06-03 01:52:15'),
(51, 'JUAN ANDRES VARGAS SERNA', 'JUAN ANDRES VARGAS SERNA@gmail.com', 'TI - 1038871614', NULL, 'aprendiz', NULL, '$2y$12$hsrSETS3qedl4jb4c2Pv..vZKknmoced0ALeGwBKN/n.CPA.lboby', NULL, '2026-06-03 01:52:15', '2026-06-03 01:52:15'),
(52, 'JUAN ESTEBAN GOMEZ FLOREZ', 'JUAN ESTEBAN GOMEZ FLOREZ@gmail.com', 'TI - 1038412172', NULL, 'aprendiz', NULL, '$2y$12$q2WGN0xJjxviDqwPWx8nTuz.p/tI38Ul99Gy7gDvpzuNx9EHgOXYC', NULL, '2026-06-03 01:52:15', '2026-06-03 01:52:15'),
(53, 'JULIANA IBARRA RESTREPO', 'JULIANA IBARRA RESTREPO@gmail.com', 'TI - 1011594135', NULL, 'aprendiz', NULL, '$2y$12$BRZ6z3tk6TG6UZYENGFFvexHIvZ8D6wOqMi0E1Miv/u9Ap776oVYO', NULL, '2026-06-03 01:52:15', '2026-06-03 01:52:15'),
(54, 'LILY JOHANA MERIÑO CANTILLO', 'LILY JOHANA MERIÑO CANTILLO@gmail.com', 'TI - 1178213028', NULL, 'aprendiz', NULL, '$2y$12$fhzXoPD1Xh1hvf7OKQ1xKON0Y/ReMdJ2uLqVNcdj/RsVupnqjbUgy', NULL, '2026-06-03 01:52:16', '2026-06-03 01:52:16'),
(55, 'MARIA ALEJANDRA CASTAÑO', 'MARIA ALEJANDRA CASTAÑO @gmail.com', 'TI - 1036259243', NULL, 'aprendiz', NULL, '$2y$12$WbgUbzL38/bjYhbGt2UkD.3LYtIXA1BJItKMIeOOa2nkhScObrray', NULL, '2026-06-03 01:52:16', '2026-06-03 01:52:16'),
(56, 'NARYURY YINEY HENAO BARRERA', 'NARYURY YINEY HENAO BARRERA@gmail.com', 'TI - 1036944163', NULL, 'aprendiz', NULL, '$2y$12$GVlbAUnhCQi1/sf6ZnNqzeOf1qpAeafXZIK1qVWoNCqICe92.znEq', NULL, '2026-06-03 01:52:16', '2026-06-03 01:52:16'),
(57, 'SALOME LOPEZ TAMAYO', 'SALOME LOPEZ TAMAYO@gmail.com', 'TI - 1013348083', NULL, 'aprendiz', NULL, '$2y$12$Nq6GYQeQ0PHe0MrdljFP0eJ6o75Ta8nIAMV3wD9e/oyKrITI.KyO.', NULL, '2026-06-03 01:52:16', '2026-06-03 01:52:16'),
(58, 'SAMIR GARCIA BEJARANO', 'SAMIR GARCIA BEJARANO@gmail.com', 'TI - 1036259788', NULL, 'aprendiz', NULL, '$2y$12$OoQ899bPBay5Ua.rdg.ukeevg0bNnVe7mWCA5XR1SBMLe3JXTqEHy', NULL, '2026-06-03 01:52:17', '2026-06-03 01:52:17'),
(59, 'SAMUEL GIL VARELA', 'SAMUEL GIL VARELA@gmail.com', 'TI - 1020449649', NULL, 'aprendiz', NULL, '$2y$12$7Ts4i6.PgYGDC.bF8ObG/.ocJ.Zi5x0ArM7nAjbU0jUT57psyWax.', NULL, '2026-06-03 01:52:17', '2026-06-03 01:52:17'),
(60, 'SEBASTIAN RAMIREZ SALAZAR', 'SEBASTIAN RAMIREZ SALAZAR@gmail.com', 'TI - 1036939513', NULL, 'aprendiz', NULL, '$2y$12$JRZQIGVXM8m0/bGn4B2Fq.997hly0RVKerLs8JFn93/VRHS.4TFFW', NULL, '2026-06-03 01:52:17', '2026-06-03 01:52:17'),
(61, 'SHARONTH JURIETH GUERRERO LEAL', 'SHARONTH JURIETH GUERRERO LEAL@gmail.com', 'TI - 1096952168', NULL, 'aprendiz', NULL, '$2y$12$IbhKZz2BKoldcw3wWZvGR..02FiAAuwWoyf1DDOsqgJhZGJc0Ay4W', NULL, '2026-06-03 01:52:17', '2026-06-03 01:52:17'),
(62, 'VICTOR MANUEL PEÑA SOLIS', 'VICTOR MANUEL PEÑA SOLIS@gmail.com', 'TI - 1038478810', NULL, 'aprendiz', NULL, '$2y$12$QoxjDiqKCMuIbvJy8whhReRdJHwVAyLT.YlX3vPll6hsVutw1yGOm', NULL, '2026-06-03 01:52:18', '2026-06-03 01:52:18'),
(63, 'ANDRES BERRIO LOPEZ', 'usuario01@correo.com', 'TI - 1034921656', '3001234567', 'aprendiz', NULL, '$2y$12$mmC0SwywlksQH5IoYelHFuRU7FYgbjC9KM/ohhpQ7GgjlyL2ibH9q', NULL, '2026-06-03 20:22:56', '2026-06-03 20:22:56'),
(64, 'ANDRES CAMILO RODRIGUEZ GUARIN', 'usuario02@correo.com', 'TI - 1040878478', '3109876543', 'aprendiz', NULL, '$2y$12$fYjl7k1VepDz13g/PFcDRugDcBFSiN.qAXdYvaXawF86eVIAxVu9W', NULL, '2026-06-03 20:22:57', '2026-06-03 20:22:57'),
(65, 'CAMILO CARMONA BETANCUR', 'usuario03@correo.com', 'TI - 1041460930', NULL, 'aprendiz', NULL, '$2y$12$Gl6hGZB6QSuNt3s9C0vbFevSk9EEeAqA14hBLsLRjTkoddByzYKca', NULL, '2026-06-03 20:22:57', '2026-06-03 20:22:57'),
(66, 'CARLOS ANDRES GARCIA OTALVARO', 'usuario04@correo.com', 'TI - 1040877544', NULL, 'aprendiz', NULL, '$2y$12$gik5l3UHdTqPIv0vD8afsOoeMqbMtUfDcVqI4FBGtEZS/m.KYaNKW', NULL, '2026-06-03 20:22:57', '2026-06-03 20:22:57'),
(67, 'DAHIANA TIMANA PAVAS', 'usuario05@correo.com', 'TI - 1036256739', NULL, 'aprendiz', NULL, '$2y$12$Dl2oAv39xiBCYvhlKpdiUOgdCK5sdQACpk8LS1zCNmlXomw7CG0/6', NULL, '2026-06-03 20:22:57', '2026-06-03 20:22:57'),
(68, 'DANIEL CRISTEBAN DONA RICARDO', 'usuario06@correo.com', 'TI - 1128228051', NULL, 'aprendiz', NULL, '$2y$12$fhogAHXbi9ee6BXOCweWcuYXJFZib4rhXygQ9AegUmJQ4d94W24CK', NULL, '2026-06-03 20:22:57', '2026-06-03 20:22:57'),
(69, 'EMILY LOPEZ PINO', 'usuario07@correo.com', 'TI - 1192465214', NULL, 'aprendiz', NULL, '$2y$12$4fCwxfk2XgO72o0Wobj.geOgr4sn0ajYFJ0JuhKyroJiVdeg2pCQy', NULL, '2026-06-03 20:22:58', '2026-06-03 20:22:58'),
(70, 'EMMANUEL RENDON BURITICA', 'usuario08@correo.com', 'TI - 1040878456', NULL, 'aprendiz', NULL, '$2y$12$Vvul1KwOG9Nv.Q.5KmZ6LOmrSrPDLVchZCie/JEcadNeGIqwCycSm', NULL, '2026-06-03 20:22:58', '2026-06-03 20:22:58'),
(71, 'GERONIMO GALEANO RAMIREZ', 'usuario09@correo.com', 'TI - 1040878217', NULL, 'aprendiz', NULL, '$2y$12$FGfQFt6y22tEBZ9AH3QsReaa7vvpE8Ts9K3t.pcIH7BWZXVhfFo2K', NULL, '2026-06-03 20:22:58', '2026-06-03 20:22:58'),
(72, 'JHON DAVID VILLA JARAMILLO', 'usuario10@correo.com', 'TI - 1036939229', NULL, 'aprendiz', NULL, '$2y$12$8RYJZ4WssV0zDzWCYJWAlObYjCM316H8Sl3.h7dsiRQZ9YRHUsf2u', NULL, '2026-06-03 20:22:58', '2026-06-03 20:22:58'),
(73, 'JOS MIGUEL GONZALEZ AGUDELO', 'usuario11@correo.com', 'TI - 1040878402', NULL, 'aprendiz', NULL, '$2y$12$uJW6WG4EEqDmwi1flZ34p..Oiezx6I4dVE/2FBSIjJD.xQOPoWGWO', NULL, '2026-06-03 20:22:59', '2026-06-03 20:22:59'),
(74, 'JOSEPH DANIEL GONZALEZ GOMEZ', 'usuario12@correo.com', 'TI - 1111793849', NULL, 'aprendiz', NULL, '$2y$12$ihVLEAkkzAAeNgwg7wyco.Ve8xYTCGOaQFlWLBV00M4S5CitP4Lfq', NULL, '2026-06-03 20:22:59', '2026-06-03 20:22:59'),
(75, 'JUAN JOSE GIRALDO GUEVARA', 'usuario13@correo.com', 'TI - 1033189037', NULL, 'aprendiz', NULL, '$2y$12$NGwEgM9fRUG1HYK.vqUIS.Ndt0deUAiDXN/mXSO8AI6bvkAv1FINi', NULL, '2026-06-03 20:22:59', '2026-06-03 20:22:59'),
(76, 'JUAN JOSE YARUMO BRIÑEZ', 'usuario14@correo.com', 'TI - 1029402074', NULL, 'aprendiz', NULL, '$2y$12$fqyNuty0SLJ/J.uXzRZU1O32zrSOQe2L8K0WQ9.UmSrrCb85bTvQ.', NULL, '2026-06-03 20:22:59', '2026-06-03 20:22:59'),
(77, 'JUANA ISABELLA LOZANO ARCILA', 'usuario15@correo.com', 'TI - 1188967226', NULL, 'aprendiz', NULL, '$2y$12$hb3DPLRHVS0S8XnRBA35RuUXA0.eqn4A954YUQJL2NUF6lLT5oUEm', NULL, '2026-06-03 20:22:59', '2026-06-03 20:22:59'),
(78, 'LUCIANA ESCOBAR GARCIA', 'usuario16@correo.com', 'TI - 1036258870', NULL, 'aprendiz', NULL, '$2y$12$AtuZNwSm20ZTJIgcVDLv0uevhDVOhuz.MoLJGLaur.1vdai5hgDjO', NULL, '2026-06-03 20:23:00', '2026-06-03 20:23:00'),
(79, 'MANUELA MORENO OROZCO', 'usuario17@correo.com', 'TI - 1150942030', NULL, 'aprendiz', NULL, '$2y$12$NP84yHMBAhQVKEE66owtKOZwCXWqqSHemwy54N.7eQHfhzCfZ1.qK', NULL, '2026-06-03 20:23:00', '2026-06-03 20:23:00'),
(80, 'MARIA PAULA GUTIERREZ JURADO', 'usuario18@correo.com', 'TI - 1036258082', NULL, 'aprendiz', NULL, '$2y$12$7QLpSH4.4xfLQ4Sn6A2kT.KkyLjDZ3N7T2q/gzoO4AY/2fhlI4El.', NULL, '2026-06-03 20:23:00', '2026-06-03 20:23:00'),
(81, 'MARIANA RAMIREZ ALVAREZ', 'usuario19@correo.com', 'TI - 1036259731', NULL, 'aprendiz', NULL, '$2y$12$FLzVrtiqLRJipg3i5zdBCegqhatup7kBbN1UJSc1JUa3Y3jj/7hOq', NULL, '2026-06-03 20:23:00', '2026-06-03 20:23:00'),
(82, 'MELANY ALEJANDRA HENAO ARBOLEDA', 'usuario20@correo.com', 'TI - 1033652490', NULL, 'aprendiz', NULL, '$2y$12$ZE0.lnqgo7gQZDvgF9rO7uGig2f6PKckPKNjE2nKBZwfWSGPuLCJa', NULL, '2026-06-03 20:23:01', '2026-06-03 20:23:01'),
(83, 'MICHEL MARIN MURILLO', 'usuario21@correo.com', 'TI - 1039784624', NULL, 'aprendiz', NULL, '$2y$12$poMdEGfnY4.MEELbjtGiC.vkvGduoCoqGvyOY9DJ1jVRhGt3bXky2', NULL, '2026-06-03 20:23:01', '2026-06-03 20:23:01'),
(84, 'NICOLAS CRUZ PERDOMO', 'usuario22@correo.com', 'TI - 1034664816', NULL, 'aprendiz', NULL, '$2y$12$VWZ5YSRjkGPlzNjnA7f7RuI.gyzGxd.HxAAzzL/oZDkRocsJThcjO', NULL, '2026-06-03 20:23:01', '2026-06-03 20:23:01'),
(85, 'SOFIA GONZALEZ QUINTERO', 'usuario23@correo.com', 'TI - 1036941076', NULL, 'aprendiz', NULL, '$2y$12$LSHskRqWtBaroBaENnNp1..ntKjlH8AeDO0NqsKMRbQY0bpdCFD9K', NULL, '2026-06-03 20:23:01', '2026-06-03 20:23:01'),
(86, 'TOMAS GIRALDO SILVA', 'usuario24@correo.com', 'TI - 1036258669', NULL, 'aprendiz', NULL, '$2y$12$tSbTPZp7x3tVKxlJ.mBP0.Jkf/0tco9MjCkU7sxb.mIxGUSC/od/K', NULL, '2026-06-03 20:23:02', '2026-06-03 20:23:02'),
(87, 'YISEEL LONDOÑO MURILLO', 'contacto.alfa@ejemplo.com', 'TI 1040874873', '3001234567', 'aprendiz', NULL, '$2y$12$l00yoEqjMi9jmQsV6SAjdOd0b3Mq80HUFyCDjhPC0vInQIC4bqK7q', NULL, '2026-06-03 23:25:25', '2026-06-03 23:25:25'),
(88, 'MATIAS OCAMPO VALENCIA', 'gestion.beta@ejemplo.com', 'TI 1040877768', '3109876543', 'aprendiz', NULL, '$2y$12$6ZtDGAynpVs/0vux45JQp.7/1gfjTZRqd6W5.tK6CCblUXuH0MEJe', NULL, '2026-06-03 23:25:25', '2026-06-03 23:25:25'),
(89, 'VALENTINA PERALTA PEÑALOZA', 'servicios.gamma@ejemplo.com', 'TI 1127352519', NULL, 'aprendiz', NULL, '$2y$12$G68aqETsk1xn7ukrhvTkLeVYMG2uVjYMpL25i7yd7DfhUlgIBFUC2', NULL, '2026-06-03 23:25:25', '2026-06-03 23:25:25'),
(90, 'MIGUEL ANGEL GOMEZ GALLEGO', 'usuario.delta@ejemplo.com', 'TI 1036255990', NULL, 'aprendiz', NULL, '$2y$12$EXJhJCptCHb1zSn0V0yeYOGOvCYNC1HwfE/QSqu5kI4CIYAQ6GXxi', NULL, '2026-06-03 23:25:25', '2026-06-03 23:25:25'),
(91, 'DIDIER ALEXANDER TORO VILLA', 'soporte.epsilon@ejemplo.com', 'TI 1023528584', NULL, 'aprendiz', NULL, '$2y$12$AzRTvVfWEJlKyfbCZm.mMueyONWmYX8a.af.y/04eIm5sSDfgM4J6', NULL, '2026-06-03 23:25:26', '2026-06-03 23:25:26'),
(92, 'ALEJANDRO MONTOYA ARISTIZABAL', 'informacion.zeta@ejemplo.com', 'TI 1025656278', NULL, 'aprendiz', NULL, '$2y$12$ICYuYwven37rb90pWS6/q.rg6lt5r0USyvqenGCzfW24Zqw8JQXYu', NULL, '2026-06-03 23:25:26', '2026-06-03 23:25:26'),
(93, 'MIGUEL ANGEL GIRALDO', 'registro.eta@ejemplo.com', 'TI 1054871429', NULL, 'aprendiz', NULL, '$2y$12$AseOu.V/ibgPZ2jnVcDIzussc0MCl.WWLg6aopVhcHb64hFJqjbMW', NULL, '2026-06-03 23:25:26', '2026-06-03 23:25:26'),
(94, 'JUAN MANUEL VASCO VARGAS', 'consultas.theta@ejemplo.com', 'TI 1025656307', NULL, 'aprendiz', NULL, '$2y$12$T8o7PyZhVNtARirSR8qAPegnhYvJS0kZOnRPvxB1oL5LZ7PUkyGRS', NULL, '2026-06-03 23:25:26', '2026-06-03 23:25:26'),
(95, 'KEVIN ESTIVEN MONTOYA GIRALDO', 'acceso.iota@ejemplo.com', 'TI 1036941995', NULL, 'aprendiz', NULL, '$2y$12$Z8Mi8dH9hJo/WytYU51CauU7TLV3vJo/8VWmYS63BYB1STEXXWUNu', NULL, '2026-06-03 23:25:27', '2026-06-03 23:25:27'),
(96, 'JUAN JOSE RAMIREZ MONTOYA', 'notificaciones.kappa@ejemplo.com', 'TI 1036258330', NULL, 'aprendiz', NULL, '$2y$12$UumDFwjHMHY2H2yHyw/wEuzA400Q4cs1tucDWP4hlfSZOrkESR3Am', NULL, '2026-06-03 23:25:27', '2026-06-03 23:25:27'),
(97, 'MILENA JIMÉNEZ ESCOBAR', 'administracion.lambda@ejemplo.com', 'TI 1036943133', NULL, 'aprendiz', NULL, '$2y$12$j7lWK4cTk6sFmq8bMkgO3.BFSmXdfTuoUFme7kfARVgwiKcuw5Ia6', NULL, '2026-06-03 23:25:27', '2026-06-03 23:25:27'),
(98, 'JOSE MANUEL MEJIA BEDOYA', 'coordinacion.mu@ejemplo.com', 'TI 1040039318', NULL, 'aprendiz', NULL, '$2y$12$Z2JVGbljImpIAnXFQfPuJegKM/4/wDmx8mTLV3ECVAgIEkrYKEkdq', NULL, '2026-06-03 23:25:27', '2026-06-03 23:25:27'),
(99, 'ALEJANDRO VALENCIA GIRALDO', 'proyectos.nu@ejemplo.com', 'TI 1036257344', NULL, 'aprendiz', NULL, '$2y$12$1E3ju5XuG9ESJQTnoItTX.O2EcKFgt34POm0jfrlXuLyC52YjRapq', NULL, '2026-06-03 23:25:28', '2026-06-03 23:25:28'),
(100, 'ESTEFANÍA RESTREPO AGUDELO', 'comunicaciones.xi@ejemplo.com', 'TI 1036942678', NULL, 'aprendiz', NULL, '$2y$12$jbvNLvWKx7TJkNdLIIdBTeoCJRlcwAV4yjLGSP71n37g//89uBEyu', NULL, '2026-06-03 23:25:28', '2026-06-03 23:25:28'),
(101, 'VALERIA ANDREA POJANA BLANCO', 'plataforma.omicron@ejemplo.com', 'TI 1036257798', NULL, 'aprendiz', NULL, '$2y$12$v3/AtaTNzwTZTtW.hz4flezgowFcYMIED7GHi.3qP0a5OEkEm.m8K', NULL, '2026-06-03 23:25:28', '2026-06-03 23:25:28'),
(102, 'DANIEL ANDRES RODRIGUEZ RODRIGUEZ', 'sistemas.pi@ejemplo.com', 'TI 1050095336', NULL, 'aprendiz', NULL, '$2y$12$po5.tUzEi1x46Xf6lZ0RGO.sMcUtW1ZZ6YDIGSt/xXtmCvNUbICcW', NULL, '2026-06-03 23:25:28', '2026-06-03 23:25:28'),
(103, 'JOSE SANTIAGO RUIZ BENAVIDES', 'atencion.rho@ejemplo.com', 'TI 1087796139', NULL, 'aprendiz', NULL, '$2y$12$wDOvK7ay6FR58.lyqJ45P.Q.DyVdOexrvRS5W8N5g.UrSKT1kdjOu', NULL, '2026-06-03 23:25:29', '2026-06-03 23:25:29'),
(104, 'CINDY TATIANA SANCHEZ ORTIZ', 'desarrollo.sigma@ejemplo.com', 'TI 1040875625', NULL, 'aprendiz', NULL, '$2y$12$aqMg2eCasKxQ21mcR4IU7.zDAniy5DnQ.zjng8PESZqgAU/wcd2QG', NULL, '2026-06-03 23:25:29', '2026-06-03 23:25:29'),
(105, 'CRISTOPHER BEDOYA GONZALEZ', 'operacion.tau@ejemplo.com', 'TI 1040875801', NULL, 'aprendiz', NULL, '$2y$12$524v9xw5QtN95xl6u1AS8.zK/ImIYiExbBp.6ZZQJ77DfIhkJ4c5i', NULL, '2026-06-03 23:25:29', '2026-06-03 23:25:29'),
(106, 'JUAN PABLO GÓMEZ CARDONA', 'soporte.upsilon@ejemplo.com', 'TI 1040877338', NULL, 'aprendiz', NULL, '$2y$12$jamKplE2qWMjUmy8LcADMekcwtjKM9G6e/TS/fq89IqMum5.UIJ6S', NULL, '2026-06-03 23:25:29', '2026-06-03 23:25:29'),
(107, 'GABRIEL JAIME ORTEGA MENDOZA', '1. analista01@correoejemplo.com', 'TI 1033373537', '3001234567', 'aprendiz', NULL, '$2y$12$Fq8ZRdwmUw9gNdNElf6sJO.9ud4K.nSkgy5BAeaEL3FJvCchPZ1/S', NULL, '2026-06-05 00:12:37', '2026-06-05 00:12:37'),
(108, 'RONALLYS MARIA VARGAS ANGARITA', '2. investigador02@correoejemplo.com', 'PPT 6254152', '3109876543', 'aprendiz', NULL, '$2y$12$yg8k8hG5KHKXWui5KXZJYenlEvQ4hLMHzF7SrNbrCeS/TuFH/FO8.', NULL, '2026-06-05 00:12:37', '2026-06-05 00:12:37'),
(109, 'MARIE LINYINED DÍAZ ALVAREZ', '3. docente03@correoejemplo.com', 'TI 1040877410', NULL, 'aprendiz', NULL, '$2y$12$MJ5ypuytMOnu9fqIjzY50ePTSYDqTxEJHsskapaj61dImwQ9vchdu', NULL, '2026-06-05 00:12:38', '2026-06-05 00:12:38'),
(110, 'KAREN ESTEFANY DUQUE ZULUAGA', '4. coordinador04@correoejemplo.com', 'TI 1036255703', NULL, 'aprendiz', NULL, '$2y$12$lIo5NMPhCkdRqvyPH2UpOuSUnmQ.H4pwJWSQ5z/zid6vZOGVep9Ay', NULL, '2026-06-05 00:12:38', '2026-06-05 00:12:38'),
(111, 'SANTIAGO ECHEVERRI VANEGAS', '5. asistente05@correoejemplo.com', 'TI 1036939327', NULL, 'aprendiz', NULL, '$2y$12$A6QuOEKpVjG30K3m4ZtVjez9y.Ko2/qBWHkhVjEblOQjZ4tyiSwOO', NULL, '2026-06-05 00:12:38', '2026-06-05 00:12:38'),
(112, 'SARA YICET ARCILA GIRALDO', '6. gestor06@correoejemplo.com', 'TI 1086635391', NULL, 'aprendiz', NULL, '$2y$12$KVg71xkrqB/5G.URcMpCkOF4eL9lgZ1.XG4Kacg7dkonRFeAmvD1G', NULL, '2026-06-05 00:12:39', '2026-06-05 00:12:39'),
(113, 'JUAN JOSÉ VILLEGAS CIRO', '7. usuario07@maildemo.com', 'TI 1040876915', NULL, 'aprendiz', NULL, '$2y$12$W2q8DqFNDT1PXdC80tSWceWFFQINHFNM21pZJ3MKdYJ7sb5ijaOOy', NULL, '2026-06-05 00:12:39', '2026-06-05 00:12:39'),
(114, 'AICHELL ALEJANDRA PEREZ MARIN', '8. cliente08@maildemo.com', 'PPT 4177508', NULL, 'aprendiz', NULL, '$2y$12$tCeq8qaP9V2Pl71m97wXbuET6jW7RzBBIGPeIItv4roTwGz1cB3li', NULL, '2026-06-05 00:12:39', '2026-06-05 00:12:39'),
(115, 'NIKOLL MARIN MONTOYA', '9. contacto09@maildemo.com', 'TI 1040876701', NULL, 'aprendiz', NULL, '$2y$12$qYm3jWnmI8ANQuhfCOgpIO835U7qeXbw7ZETi3Nn6ebUml1u2/mcW', NULL, '2026-06-05 00:12:40', '2026-06-05 00:12:40'),
(116, 'EMILY JHOANA REYES PUERTA', '10. registro10@maildemo.com', 'TI 1039691727', NULL, 'aprendiz', NULL, '$2y$12$q5lmwxR6YYT6PoKK5Cg2U.mGoKru8vCfa2O6XANInK9YqeGvow7gO', NULL, '2026-06-05 00:12:40', '2026-06-05 00:12:40'),
(117, 'ADRIAN SALAZAR CASTAÑO', '11. informes11@buzonvirtual.com', 'TI 1037886486', NULL, 'aprendiz', NULL, '$2y$12$BOVx6.xsXHKjz0g2RV7jcurnML/yuAO6UWWUn61jywppiardY9r9C', NULL, '2026-06-05 00:12:40', '2026-06-05 00:12:40'),
(118, 'NIKOL DAYANA RODRIGUEZ MEJIA', '12. soporte12@buzonvirtual.com', 'TI 1104094642', NULL, 'aprendiz', NULL, '$2y$12$SfOcnSTTzTMWtt/btrK0j.8vIF2u.Pk4yhhmea1vmcLNCD.6gLgQm', NULL, '2026-06-05 00:12:40', '2026-06-05 00:12:40'),
(119, 'JUAN FELIPE GONZÁLEZ OTÁLVARO', '13. servicios13@buzonvirtual.com', 'TI 1036938818', NULL, 'aprendiz', NULL, '$2y$12$uoqde3h4j.w6QYOFYznEZOH4bDmKwr85mPs4agy2CWUuAwFIyLXV6', NULL, '2026-06-05 00:12:41', '2026-06-05 00:12:41'),
(120, 'SOFIA HOLGUIN DAZA', '14. plataforma14@buzonvirtual.com', 'TI 1037974607', NULL, 'aprendiz', NULL, '$2y$12$tWZfqFxhLqWtyHVvuSpr4evLEij/7dnscn5LZQZzE4K0ti3pYttwC', NULL, '2026-06-05 00:12:41', '2026-06-05 00:12:41'),
(121, 'KAREN YURANI FRANCO BOTERO', '15. acceso15@buzonvirtual.com', 'TI 1036945212', NULL, 'aprendiz', NULL, '$2y$12$uS6Wjzb3xVEqTr9KoiPWe./bAwRuI9uVrRS8WdUgz3xorc9agc/kS', NULL, '2026-06-05 00:12:41', '2026-06-05 00:12:41'),
(122, 'SARA SOFIA BERNAL RODRIGUEZ', '16. ventas16@redcorreo.com', 'TI 1098720594', NULL, 'aprendiz', NULL, '$2y$12$PDTebo9U0W6AhydzOCKfoOISYY3e4lKogIMGaaHFLZzMLfvuTiIi.', NULL, '2026-06-05 00:12:42', '2026-06-05 00:12:42'),
(123, 'MELANY DAVID SALGADO', '17. compras17@redcorreo.com', 'TI 1032183109', NULL, 'aprendiz', NULL, '$2y$12$15FtaVRdauP/1wyGmEYitetglm7qh/wkxkik33tN7IIeX4iHyJoWO', NULL, '2026-06-05 00:12:42', '2026-06-05 00:12:42'),
(124, 'JUAN DIEGO OCAMPO ROMERO', '18. proyectos18@redcorreo.com', 'TI 1183963117', NULL, 'aprendiz', NULL, '$2y$12$9PS1t84cafSNxtUzHx3oM.CwWLIBY7k7q15UfX3Nw.rePDBcgfdfy', NULL, '2026-06-05 00:12:42', '2026-06-05 00:12:42'),
(125, 'SOFIA PINEDA CIRO', '19. gestion19@redcorreo.com', 'TI 1035770588', NULL, 'aprendiz', NULL, '$2y$12$Jy1sUJQ4Nq3OXVw7MlVJbuRdIkKa3k3Hu5FzDAjQxNzocBdUuFRW6', NULL, '2026-06-05 00:12:42', '2026-06-05 00:12:42'),
(126, 'ALEJANDRO VARGAS RAMIREZ', '20. recursos20@redcorreo.com', 'TI 1036255408', NULL, 'aprendiz', NULL, '$2y$12$c1mmZZ6tb.v1jZr6Vi5T7Oz4nPNL3GFx3XTwrJjbWlHfFVv/vaOim', NULL, '2026-06-05 00:12:43', '2026-06-05 00:12:43'),
(127, 'DEISY VANESSA JARAMILLO CUBILLOS', '21. academia21@ejemplonet.com', 'TI 1037886669', NULL, 'aprendiz', NULL, '$2y$12$3av4rt/tr97OTI1FIVzIOuQmaCuDK0qnyUZ4Q4/Z80aTSvQFo4ZgS', NULL, '2026-06-05 00:12:43', '2026-06-05 00:12:43'),
(128, 'JHORMARI BRITYI PEREZ BRICEÑO', '22. laboratorio22@ejemplonet.com', 'PPT 5919452', NULL, 'aprendiz', NULL, '$2y$12$kSF0T6vgx.wdETbcHYTpj.rFYCbGUEvu0zUceOqmR/y.7TzEPZABq', NULL, '2026-06-05 00:12:43', '2026-06-05 00:12:43'),
(129, 'MANUELA OSORIO VALENCIA', '23. investigacion23@ejemplonet.com', 'TI 1038408524', NULL, 'aprendiz', NULL, '$2y$12$xcboukX20PzD1OdbMvfNXOVHD8JOtrOdHjJpDcj2Ee6CVfLaz8V5O', NULL, '2026-06-05 00:12:44', '2026-06-05 00:12:44'),
(130, 'TOMÁS SÁNCHEZ DUQUE', '24. secretaria24@ejemplonet.com', 'TI 1023632005', NULL, 'aprendiz', NULL, '$2y$12$7k1puzEzAompfX5uDYL/SOJbmOom6yHAkuL2A.RljXUHJBRQ5MzAi', NULL, '2026-06-05 00:12:44', '2026-06-05 00:12:44'),
(131, 'YANIENDERLIN DEL CARMEN GONZÀLEZ ARROYO', '25. administracion25@ejemplonet.com', 'PPT 5888520', NULL, 'aprendiz', NULL, '$2y$12$R/EShsae6Up7VtszDALdxOUjoyUSGEBzm/FoB3TGBm7QjGnL7DnWm', NULL, '2026-06-05 00:12:44', '2026-06-05 00:12:44'),
(132, 'DANNA GABRIELA LOPEZ GALLEGO', 'danna.gabriela@correo.com', 'TI 1104945402', '3001234567', 'aprendiz', NULL, '$2y$12$sHQkWA8S5piluU0.fsTwSONcO.wDzLFN4dEzpFBVvnOCn0unv9gR6', NULL, '2026-06-10 19:44:46', '2026-06-10 19:44:46'),
(133, 'JOSE MIGUEL OROZCO OSORIO', 'jose.miguel1@correo.com', 'TI 1040877887', '3109876543', 'aprendiz', NULL, '$2y$12$X0oo2wPTZoQ5353YeV.fzuuxfhyr7.0uLHbtUdfqSvam3/3DAGvzG', NULL, '2026-06-10 19:44:46', '2026-06-10 19:44:46'),
(134, 'LAURA MANUELA HERNÁNDEZ ARENAS', 'laura.manuela@correo.com', 'TI 1018246362', NULL, 'aprendiz', NULL, '$2y$12$A5z6aMUQXAUARCWkXyIize3xlW4uhzlxECEgug9Iww29PW2gCytZ2', NULL, '2026-06-10 19:44:47', '2026-06-10 19:44:47'),
(135, 'VALERIN RAMIREZ SERNA', 'valerin@correo.com', 'TI 1036257284', NULL, 'aprendiz', NULL, '$2y$12$H77yFQcHfNpodXyLt.Cl7eljUiFO2PeQ9NFax8faTEF00dzV1ndfS', NULL, '2026-06-10 19:44:47', '2026-06-10 19:44:47'),
(136, 'MARIA PAULA PINEDA RAMIREZ', 'maria.paula@correo.com', 'TI 1036258052', NULL, 'aprendiz', NULL, '$2y$12$yGveKdXOGR2/0QBia6cR4OOhWi7qp1KXCovmWC4UyFAd./2uppq.6', NULL, '2026-06-10 19:44:47', '2026-06-10 19:44:47'),
(137, 'BRAHIAN STIVEN RINCON GARCIA', 'brahian.stiven@correo.com', 'TI 1036941289', NULL, 'aprendiz', NULL, '$2y$12$xeKZITTniho.spclK4MdwONMu7EHF2m9JOqPlv0f7mkt4JsVU1m2q', NULL, '2026-06-10 19:44:47', '2026-06-10 19:44:47'),
(138, 'LAURA CRISTINA AVENDAÑO CARMONA', 'laura.cristina@correo.com', 'TI 1036258035', NULL, 'aprendiz', NULL, '$2y$12$TBz5cclpkyCGHOeXXC4LfusHMjjHips61sG4j8tKzGVX4kicD0cGi', NULL, '2026-06-10 19:44:47', '2026-06-10 19:44:47'),
(139, 'DREIK SEBASTIAN DUQUE GOMEZ', 'dreik.sebastian@correo.com', 'TI 1036256800', NULL, 'aprendiz', NULL, '$2y$12$guoqyabpI8dbR/v3EFoe4OYfmsE7Rq/aymiRKoHWtKFryGkAv0gHG', NULL, '2026-06-10 19:44:48', '2026-06-10 19:44:48'),
(140, 'SAMUEL IDARRAGA QUINTERO', 'samuel1@correo.com', 'TI 1020307184', NULL, 'aprendiz', NULL, '$2y$12$sIBNaRsWS3HyvaTWoEszbehJOWh7XNINEkZBOSBx5fJfbkWk9eGcK', NULL, '2026-06-10 19:44:48', '2026-06-10 19:44:48'),
(141, 'JUAN DAVID RIVERA GUZMAN', 'juan.david@correo.com', 'TI 1036940725', NULL, 'aprendiz', NULL, '$2y$12$8lWEVkvVqDMuQ.gOUuP5c.3.xwYp2T0vBtNW95f0.8bA5a1NVWeB6', NULL, '2026-06-10 19:44:48', '2026-06-10 19:44:48'),
(142, 'NATALIA CARMONA RAMIREZ', 'natalia@correo.com', 'TI 1023528696', NULL, 'aprendiz', NULL, '$2y$12$R2QPS.mIaAEj7xthTveroOHLA.NN9Chc2TS8WRHNjWHfqnngq8t4O', NULL, '2026-06-10 19:44:48', '2026-06-10 19:44:48'),
(143, 'MARIANA ZULUAGA TAMAYO', 'mariana1@correo.com', 'TI 1036258315', NULL, 'aprendiz', NULL, '$2y$12$FBhXFiwMjZ4FPMslwHXlAOS2BwTfNtV9PgxNmRf5kWXcpmZC0EHJW', NULL, '2026-06-10 19:44:49', '2026-06-10 19:44:49'),
(144, 'JOSE DAVID ARIAS OCAMPO', 'jose.david@correo.com', 'TI 1036258148', NULL, 'aprendiz', NULL, '$2y$12$b5uHvqiLVQVQn12f9QgRSO9UKWiC/rIaUekRXKiNQvSzykskSrEOa', NULL, '2026-06-10 19:44:49', '2026-06-10 19:44:49'),
(145, 'JUAN SEBASTIAN LEZCANO GALLEGO', 'juan.sebastian@correo.com', 'TI 1037886702', NULL, 'aprendiz', NULL, '$2y$12$5vnrEleo5O7eZfEeMQkfNuUsoYKgKw7qK72TDg7WBGNh3axYsGJDm', NULL, '2026-06-10 19:44:49', '2026-06-10 19:44:49'),
(146, 'MARIANA ARBELAEZ OCAMPO', 'mariana2@correo.com', 'TI 1036259074', NULL, 'aprendiz', NULL, '$2y$12$ReKYK9Ey4JfZLcvf9y/Tl.nBW0OE3mi8DVb9M8uWrZm4bCaxYzwdC', NULL, '2026-06-10 19:44:49', '2026-06-10 19:44:49'),
(147, 'JOSE MIGUEL ARIAS SANCHEZ', 'jose.miguel2@correo.com', 'TI 1040876893', NULL, 'aprendiz', NULL, '$2y$12$vtEJ3zi9bZCIZvT3Z4BaZuX0Pe59waeD0yWwdDbI0U/V/hNEqFbHa', NULL, '2026-06-10 19:44:49', '2026-06-10 19:44:49'),
(148, 'KAREN FABRA MONTOYA', 'karen@correo.com', 'TI 1036258788', NULL, 'aprendiz', NULL, '$2y$12$1t9Ns9KYD9Ipl8.vre2NZecbWFbrIM1tIq9rcPy6KJmZ/.JwjifvO', NULL, '2026-06-10 19:44:50', '2026-06-10 19:44:50'),
(149, 'MARIANA MURILLO VELEZ', 'mariana3@correo.com', 'TI 1107858480', NULL, 'aprendiz', NULL, '$2y$12$EXjS6GnLygWfirviERUFYeOez.XBpGdKcHb9aGioFplujQOlK021S', NULL, '2026-06-10 19:44:50', '2026-06-10 19:44:50'),
(150, 'ESTEBAN ALEJANDRO GIRALDO JARAMILLO', 'esteban.alejandro@correo.com', 'TI 1037886911', NULL, 'aprendiz', NULL, '$2y$12$XiUYv/ggJjsPuGJDenedc.Jg.vJMGVVeDAqCqHm4WQfAtnHv6OrrK', NULL, '2026-06-10 19:44:50', '2026-06-10 19:44:50'),
(151, 'JERONIMO RIOS CASTAÑO', 'jeronimo@correo.com', 'TI 1040877348', NULL, 'aprendiz', NULL, '$2y$12$EsGnCchVnVLEUtBy3B0E8eFtUQCoo/58Kt.Zw11DqzL5ie8rV.NX2', NULL, '2026-06-10 19:44:50', '2026-06-10 19:44:50'),
(152, 'LUIS MIGUEL CASTAÑO TABARES', 'luis.miguel@correo.com', 'TI 1036257514', NULL, 'aprendiz', NULL, '$2y$12$c4ZnHuvz2vjahBfDTEAgc.gzJATQXEW8U8zena8J0OhSNFetgNac.', NULL, '2026-06-10 19:44:51', '2026-06-10 19:44:51'),
(153, 'SAMUEL CUELLAR RIOS', 'samuel2@correo.com', 'TI 1040877494', NULL, 'aprendiz', NULL, '$2y$12$CjJWLSqRx4sJ4sz9G7vYROtpDCv6SRRokcU1B7fiJfB2Z6vcsSXBa', NULL, '2026-06-10 19:44:51', '2026-06-10 19:44:51');

--
-- Índices para tablas volcadas
--

--
-- Indices de la tabla `actividad_notas`
--
ALTER TABLE `actividad_notas`
  ADD PRIMARY KEY (`id`),
  ADD UNIQUE KEY `actividad_notas_actividad_id_aprendiz_id_unique` (`actividad_id`,`aprendiz_id`),
  ADD KEY `actividad_notas_aprendiz_id_foreign` (`aprendiz_id`);

--
-- Indices de la tabla `aprendiz_ficha`
--
ALTER TABLE `aprendiz_ficha`
  ADD PRIMARY KEY (`id`),
  ADD UNIQUE KEY `aprendiz_ficha_aprendiz_id_ficha_id_unique` (`aprendiz_id`,`ficha_id`),
  ADD KEY `aprendiz_ficha_ficha_id_foreign` (`ficha_id`),
  ADD KEY `aprendiz_ficha_enrolled_by_foreign` (`enrolled_by`);

--
-- Indices de la tabla `aprendiz_resultado`
--
ALTER TABLE `aprendiz_resultado`
  ADD PRIMARY KEY (`id`),
  ADD UNIQUE KEY `aprendiz_resultado_aprendiz_id_resultado_id_unique` (`aprendiz_id`,`resultado_id`),
  ADD KEY `aprendiz_resultado_resultado_id_foreign` (`resultado_id`);

--
-- Indices de la tabla `attendance_records`
--
ALTER TABLE `attendance_records`
  ADD PRIMARY KEY (`id`),
  ADD UNIQUE KEY `attendance_records_session_id_aprendiz_id_unique` (`session_id`,`aprendiz_id`),
  ADD KEY `attendance_records_aprendiz_id_foreign` (`aprendiz_id`);

--
-- Indices de la tabla `attendance_sessions`
--
ALTER TABLE `attendance_sessions`
  ADD PRIMARY KEY (`id`),
  ADD UNIQUE KEY `attendance_sessions_instructor_id_ficha_id_date_unique` (`instructor_id`,`ficha_id`,`date`),
  ADD KEY `attendance_sessions_ficha_id_foreign` (`ficha_id`);

--
-- Indices de la tabla `cache`
--
ALTER TABLE `cache`
  ADD PRIMARY KEY (`key`),
  ADD KEY `cache_expiration_index` (`expiration`);

--
-- Indices de la tabla `cache_locks`
--
ALTER TABLE `cache_locks`
  ADD PRIMARY KEY (`key`),
  ADD KEY `cache_locks_expiration_index` (`expiration`);

--
-- Indices de la tabla `competencias`
--
ALTER TABLE `competencias`
  ADD PRIMARY KEY (`id`),
  ADD KEY `competencias_program_id_foreign` (`program_id`),
  ADD KEY `competencias_instructor_id_foreign` (`instructor_id`);

--
-- Indices de la tabla `documents`
--
ALTER TABLE `documents`
  ADD PRIMARY KEY (`id`),
  ADD KEY `documents_folder_id_foreign` (`folder_id`),
  ADD KEY `documents_uploaded_by_foreign` (`uploaded_by`);

--
-- Indices de la tabla `failed_jobs`
--
ALTER TABLE `failed_jobs`
  ADD PRIMARY KEY (`id`),
  ADD UNIQUE KEY `failed_jobs_uuid_unique` (`uuid`);

--
-- Indices de la tabla `fichas`
--
ALTER TABLE `fichas`
  ADD PRIMARY KEY (`id`),
  ADD UNIQUE KEY `fichas_numero_unique` (`numero`),
  ADD KEY `fichas_program_id_foreign` (`program_id`);

--
-- Indices de la tabla `folders`
--
ALTER TABLE `folders`
  ADD PRIMARY KEY (`id`),
  ADD UNIQUE KEY `folders_ficha_id_position_unique` (`ficha_id`,`position`),
  ADD KEY `folders_reviewed_by_foreign` (`reviewed_by`);

--
-- Indices de la tabla `instructor_ficha`
--
ALTER TABLE `instructor_ficha`
  ADD PRIMARY KEY (`id`),
  ADD UNIQUE KEY `instructor_ficha_instructor_id_ficha_id_unique` (`instructor_id`,`ficha_id`),
  ADD KEY `instructor_ficha_ficha_id_foreign` (`ficha_id`);

--
-- Indices de la tabla `instructor_program`
--
ALTER TABLE `instructor_program`
  ADD PRIMARY KEY (`id`),
  ADD UNIQUE KEY `instructor_program_instructor_id_program_id_unique` (`instructor_id`,`program_id`),
  ADD KEY `instructor_program_program_id_foreign` (`program_id`);

--
-- Indices de la tabla `jobs`
--
ALTER TABLE `jobs`
  ADD PRIMARY KEY (`id`),
  ADD KEY `jobs_queue_index` (`queue`);

--
-- Indices de la tabla `job_batches`
--
ALTER TABLE `job_batches`
  ADD PRIMARY KEY (`id`);

--
-- Indices de la tabla `migrations`
--
ALTER TABLE `migrations`
  ADD PRIMARY KEY (`id`);

--
-- Indices de la tabla `monthly_reports`
--
ALTER TABLE `monthly_reports`
  ADD PRIMARY KEY (`id`),
  ADD UNIQUE KEY `reports_instructor_month_year_unique` (`instructor_id`,`month`,`year`),
  ADD KEY `monthly_reports_ficha_id_foreign` (`ficha_id`),
  ADD KEY `idx_instructor_id` (`instructor_id`);

--
-- Indices de la tabla `monthly_report_files`
--
ALTER TABLE `monthly_report_files`
  ADD PRIMARY KEY (`id`),
  ADD KEY `monthly_report_files_report_id_foreign` (`report_id`);

--
-- Indices de la tabla `password_reset_tokens`
--
ALTER TABLE `password_reset_tokens`
  ADD PRIMARY KEY (`email`);

--
-- Indices de la tabla `programs`
--
ALTER TABLE `programs`
  ADD PRIMARY KEY (`id`),
  ADD UNIQUE KEY `programs_code_unique` (`code`);

--
-- Indices de la tabla `resultados_aprendizaje`
--
ALTER TABLE `resultados_aprendizaje`
  ADD PRIMARY KEY (`id`),
  ADD KEY `resultados_aprendizaje_competencia_id_foreign` (`competencia_id`);

--
-- Indices de la tabla `resultado_actividades`
--
ALTER TABLE `resultado_actividades`
  ADD PRIMARY KEY (`id`),
  ADD KEY `resultado_actividades_resultado_id_foreign` (`resultado_id`);

--
-- Indices de la tabla `resultado_guias`
--
ALTER TABLE `resultado_guias`
  ADD PRIMARY KEY (`id`),
  ADD KEY `resultado_guias_resultado_id_foreign` (`resultado_id`),
  ADD KEY `resultado_guias_uploaded_by_foreign` (`uploaded_by`);

--
-- Indices de la tabla `sessions`
--
ALTER TABLE `sessions`
  ADD PRIMARY KEY (`id`),
  ADD KEY `sessions_user_id_index` (`user_id`),
  ADD KEY `sessions_last_activity_index` (`last_activity`);

--
-- Indices de la tabla `users`
--
ALTER TABLE `users`
  ADD PRIMARY KEY (`id`),
  ADD UNIQUE KEY `users_email_unique` (`email`),
  ADD UNIQUE KEY `users_numero_documento_unique` (`numero_documento`);

--
-- AUTO_INCREMENT de las tablas volcadas
--

--
-- AUTO_INCREMENT de la tabla `actividad_notas`
--
ALTER TABLE `actividad_notas`
  MODIFY `id` bigint(20) UNSIGNED NOT NULL AUTO_INCREMENT, AUTO_INCREMENT=125;

--
-- AUTO_INCREMENT de la tabla `aprendiz_ficha`
--
ALTER TABLE `aprendiz_ficha`
  MODIFY `id` bigint(20) UNSIGNED NOT NULL AUTO_INCREMENT, AUTO_INCREMENT=183;

--
-- AUTO_INCREMENT de la tabla `aprendiz_resultado`
--
ALTER TABLE `aprendiz_resultado`
  MODIFY `id` bigint(20) UNSIGNED NOT NULL AUTO_INCREMENT, AUTO_INCREMENT=67;

--
-- AUTO_INCREMENT de la tabla `attendance_records`
--
ALTER TABLE `attendance_records`
  MODIFY `id` bigint(20) UNSIGNED NOT NULL AUTO_INCREMENT, AUTO_INCREMENT=1309;

--
-- AUTO_INCREMENT de la tabla `attendance_sessions`
--
ALTER TABLE `attendance_sessions`
  MODIFY `id` bigint(20) UNSIGNED NOT NULL AUTO_INCREMENT, AUTO_INCREMENT=51;

--
-- AUTO_INCREMENT de la tabla `competencias`
--
ALTER TABLE `competencias`
  MODIFY `id` bigint(20) UNSIGNED NOT NULL AUTO_INCREMENT, AUTO_INCREMENT=10;

--
-- AUTO_INCREMENT de la tabla `documents`
--
ALTER TABLE `documents`
  MODIFY `id` bigint(20) UNSIGNED NOT NULL AUTO_INCREMENT, AUTO_INCREMENT=133;

--
-- AUTO_INCREMENT de la tabla `failed_jobs`
--
ALTER TABLE `failed_jobs`
  MODIFY `id` bigint(20) UNSIGNED NOT NULL AUTO_INCREMENT;

--
-- AUTO_INCREMENT de la tabla `fichas`
--
ALTER TABLE `fichas`
  MODIFY `id` bigint(20) UNSIGNED NOT NULL AUTO_INCREMENT, AUTO_INCREMENT=10;

--
-- AUTO_INCREMENT de la tabla `folders`
--
ALTER TABLE `folders`
  MODIFY `id` bigint(20) UNSIGNED NOT NULL AUTO_INCREMENT, AUTO_INCREMENT=298;

--
-- AUTO_INCREMENT de la tabla `instructor_ficha`
--
ALTER TABLE `instructor_ficha`
  MODIFY `id` bigint(20) UNSIGNED NOT NULL AUTO_INCREMENT, AUTO_INCREMENT=9;

--
-- AUTO_INCREMENT de la tabla `instructor_program`
--
ALTER TABLE `instructor_program`
  MODIFY `id` bigint(20) UNSIGNED NOT NULL AUTO_INCREMENT, AUTO_INCREMENT=2;

--
-- AUTO_INCREMENT de la tabla `jobs`
--
ALTER TABLE `jobs`
  MODIFY `id` bigint(20) UNSIGNED NOT NULL AUTO_INCREMENT;

--
-- AUTO_INCREMENT de la tabla `migrations`
--
ALTER TABLE `migrations`
  MODIFY `id` int(10) UNSIGNED NOT NULL AUTO_INCREMENT, AUTO_INCREMENT=18;

--
-- AUTO_INCREMENT de la tabla `monthly_reports`
--
ALTER TABLE `monthly_reports`
  MODIFY `id` bigint(20) UNSIGNED NOT NULL AUTO_INCREMENT, AUTO_INCREMENT=2;

--
-- AUTO_INCREMENT de la tabla `monthly_report_files`
--
ALTER TABLE `monthly_report_files`
  MODIFY `id` bigint(20) UNSIGNED NOT NULL AUTO_INCREMENT, AUTO_INCREMENT=4;

--
-- AUTO_INCREMENT de la tabla `programs`
--
ALTER TABLE `programs`
  MODIFY `id` bigint(20) UNSIGNED NOT NULL AUTO_INCREMENT, AUTO_INCREMENT=4;

--
-- AUTO_INCREMENT de la tabla `resultados_aprendizaje`
--
ALTER TABLE `resultados_aprendizaje`
  MODIFY `id` bigint(20) UNSIGNED NOT NULL AUTO_INCREMENT, AUTO_INCREMENT=17;

--
-- AUTO_INCREMENT de la tabla `resultado_actividades`
--
ALTER TABLE `resultado_actividades`
  MODIFY `id` bigint(20) UNSIGNED NOT NULL AUTO_INCREMENT, AUTO_INCREMENT=6;

--
-- AUTO_INCREMENT de la tabla `resultado_guias`
--
ALTER TABLE `resultado_guias`
  MODIFY `id` bigint(20) UNSIGNED NOT NULL AUTO_INCREMENT, AUTO_INCREMENT=2;

--
-- AUTO_INCREMENT de la tabla `users`
--
ALTER TABLE `users`
  MODIFY `id` bigint(20) UNSIGNED NOT NULL AUTO_INCREMENT, AUTO_INCREMENT=154;

--
-- Restricciones para tablas volcadas
--

--
-- Filtros para la tabla `actividad_notas`
--
ALTER TABLE `actividad_notas`
  ADD CONSTRAINT `actividad_notas_actividad_id_foreign` FOREIGN KEY (`actividad_id`) REFERENCES `resultado_actividades` (`id`) ON DELETE CASCADE,
  ADD CONSTRAINT `actividad_notas_aprendiz_id_foreign` FOREIGN KEY (`aprendiz_id`) REFERENCES `users` (`id`) ON DELETE CASCADE;

--
-- Filtros para la tabla `aprendiz_ficha`
--
ALTER TABLE `aprendiz_ficha`
  ADD CONSTRAINT `aprendiz_ficha_aprendiz_id_foreign` FOREIGN KEY (`aprendiz_id`) REFERENCES `users` (`id`) ON DELETE CASCADE,
  ADD CONSTRAINT `aprendiz_ficha_enrolled_by_foreign` FOREIGN KEY (`enrolled_by`) REFERENCES `users` (`id`) ON DELETE CASCADE,
  ADD CONSTRAINT `aprendiz_ficha_ficha_id_foreign` FOREIGN KEY (`ficha_id`) REFERENCES `fichas` (`id`) ON DELETE CASCADE;

--
-- Filtros para la tabla `aprendiz_resultado`
--
ALTER TABLE `aprendiz_resultado`
  ADD CONSTRAINT `aprendiz_resultado_aprendiz_id_foreign` FOREIGN KEY (`aprendiz_id`) REFERENCES `users` (`id`) ON DELETE CASCADE,
  ADD CONSTRAINT `aprendiz_resultado_resultado_id_foreign` FOREIGN KEY (`resultado_id`) REFERENCES `resultados_aprendizaje` (`id`) ON DELETE CASCADE;

--
-- Filtros para la tabla `attendance_records`
--
ALTER TABLE `attendance_records`
  ADD CONSTRAINT `attendance_records_aprendiz_id_foreign` FOREIGN KEY (`aprendiz_id`) REFERENCES `users` (`id`) ON DELETE CASCADE,
  ADD CONSTRAINT `attendance_records_session_id_foreign` FOREIGN KEY (`session_id`) REFERENCES `attendance_sessions` (`id`) ON DELETE CASCADE;

--
-- Filtros para la tabla `attendance_sessions`
--
ALTER TABLE `attendance_sessions`
  ADD CONSTRAINT `attendance_sessions_ficha_id_foreign` FOREIGN KEY (`ficha_id`) REFERENCES `fichas` (`id`) ON DELETE CASCADE,
  ADD CONSTRAINT `attendance_sessions_instructor_id_foreign` FOREIGN KEY (`instructor_id`) REFERENCES `users` (`id`) ON DELETE CASCADE;

--
-- Filtros para la tabla `competencias`
--
ALTER TABLE `competencias`
  ADD CONSTRAINT `competencias_instructor_id_foreign` FOREIGN KEY (`instructor_id`) REFERENCES `users` (`id`) ON DELETE CASCADE,
  ADD CONSTRAINT `competencias_program_id_foreign` FOREIGN KEY (`program_id`) REFERENCES `programs` (`id`) ON DELETE CASCADE;

--
-- Filtros para la tabla `documents`
--
ALTER TABLE `documents`
  ADD CONSTRAINT `documents_folder_id_foreign` FOREIGN KEY (`folder_id`) REFERENCES `folders` (`id`) ON DELETE CASCADE,
  ADD CONSTRAINT `documents_uploaded_by_foreign` FOREIGN KEY (`uploaded_by`) REFERENCES `users` (`id`) ON DELETE CASCADE;

--
-- Filtros para la tabla `fichas`
--
ALTER TABLE `fichas`
  ADD CONSTRAINT `fichas_program_id_foreign` FOREIGN KEY (`program_id`) REFERENCES `programs` (`id`) ON DELETE CASCADE;

--
-- Filtros para la tabla `folders`
--
ALTER TABLE `folders`
  ADD CONSTRAINT `folders_ficha_id_foreign` FOREIGN KEY (`ficha_id`) REFERENCES `fichas` (`id`) ON DELETE CASCADE,
  ADD CONSTRAINT `folders_reviewed_by_foreign` FOREIGN KEY (`reviewed_by`) REFERENCES `users` (`id`) ON DELETE SET NULL;

--
-- Filtros para la tabla `instructor_ficha`
--
ALTER TABLE `instructor_ficha`
  ADD CONSTRAINT `instructor_ficha_ficha_id_foreign` FOREIGN KEY (`ficha_id`) REFERENCES `fichas` (`id`) ON DELETE CASCADE,
  ADD CONSTRAINT `instructor_ficha_instructor_id_foreign` FOREIGN KEY (`instructor_id`) REFERENCES `users` (`id`) ON DELETE CASCADE;

--
-- Filtros para la tabla `instructor_program`
--
ALTER TABLE `instructor_program`
  ADD CONSTRAINT `instructor_program_instructor_id_foreign` FOREIGN KEY (`instructor_id`) REFERENCES `users` (`id`) ON DELETE CASCADE,
  ADD CONSTRAINT `instructor_program_program_id_foreign` FOREIGN KEY (`program_id`) REFERENCES `programs` (`id`) ON DELETE CASCADE;

--
-- Filtros para la tabla `monthly_reports`
--
ALTER TABLE `monthly_reports`
  ADD CONSTRAINT `monthly_reports_instructor_id_foreign` FOREIGN KEY (`instructor_id`) REFERENCES `users` (`id`) ON DELETE CASCADE;

--
-- Filtros para la tabla `monthly_report_files`
--
ALTER TABLE `monthly_report_files`
  ADD CONSTRAINT `monthly_report_files_report_id_foreign` FOREIGN KEY (`report_id`) REFERENCES `monthly_reports` (`id`) ON DELETE CASCADE;

--
-- Filtros para la tabla `resultados_aprendizaje`
--
ALTER TABLE `resultados_aprendizaje`
  ADD CONSTRAINT `resultados_aprendizaje_competencia_id_foreign` FOREIGN KEY (`competencia_id`) REFERENCES `competencias` (`id`) ON DELETE CASCADE;

--
-- Filtros para la tabla `resultado_actividades`
--
ALTER TABLE `resultado_actividades`
  ADD CONSTRAINT `resultado_actividades_resultado_id_foreign` FOREIGN KEY (`resultado_id`) REFERENCES `resultados_aprendizaje` (`id`) ON DELETE CASCADE;

--
-- Filtros para la tabla `resultado_guias`
--
ALTER TABLE `resultado_guias`
  ADD CONSTRAINT `resultado_guias_resultado_id_foreign` FOREIGN KEY (`resultado_id`) REFERENCES `resultados_aprendizaje` (`id`) ON DELETE CASCADE,
  ADD CONSTRAINT `resultado_guias_uploaded_by_foreign` FOREIGN KEY (`uploaded_by`) REFERENCES `users` (`id`) ON DELETE CASCADE;
COMMIT;

/*!40101 SET CHARACTER_SET_CLIENT=@OLD_CHARACTER_SET_CLIENT */;
/*!40101 SET CHARACTER_SET_RESULTS=@OLD_CHARACTER_SET_RESULTS */;
/*!40101 SET COLLATION_CONNECTION=@OLD_COLLATION_CONNECTION */;
